otu,id,otu_seq
otu_lco_36,Araneidae,CACTTTATATTTAATTTTTGGGGCTTGGGCTGCTATAGTAGGAACAGCGATAAGAGTGTTAATCCGGGTTGAATTAGGTCAACCTGGTAGATTTATGGGGGATGACCAGTTATATAATGTAATTGTAACGGCTCATGCTTTTGTTATAATTTTTTTTATAGTAATACCTATTTTAATTGGG
otu_lco_1234,Araneidae,AACATTATATTTAGTTTTAGGGGCTTGGTCTTCTATAGTAGGGACTGCTATAAGTGTATTAATTCGAATTGAATTAGGTCAATCTGGGAGATTTTTAGGAGATGATCAATTATATAATGTAATTGTAACTGCTCATGCTTTTGTAATGATTTTTTTTATAGTAATGCCTATTTTAATTGGT
otu_lco_1052,Araneidae,GACTTTATATTTAATTTTTGGGGGGTGATCTGCTATAGTAGGAACTGCTATAAGAGTTTTAATTCGAATTGAGTTAGGGCAACCTGGAAGATTGCTAGGGGATGATCAATTATACAATGTAATTGTTACAGCTCATGCATTTGTTATAATTTTTTTTATAGTAATACCTGTATTGATTGGA
otu_lco_20,Araneidae,GACTTTATACTTAATTTTAGGGGCTTGATCTGCAATAATTGGGACAGCAATAAGAGTTTTAATTCGAATTGAACTTGGTCAACCTGGAAGATTTATCGGGGATGACCAATTATATAATGTCGTCGTAACGGCGCATGCTTTTGTAATAATTTTTTTTATAGTGATACCTATCTTAATCGGG
otu_lco_297,Araneidae,TAGATTATATTTGATTTTTGGTGCTTGAGCTGCTATAGTAGGAATAGGAATAAGAGTATTAATTCGAATTGAATTAGGACAATCTGGAAGAATTATTGGTGATGATCAATTGTATAATGTTATTGTTACAGCTCATGCTTTTGTTATAATTTTTTTTATAGTAATACCTATTTTAATTGGT
otu_lco_1173,Araneidae,AACTTTATATTTAATTATAGGAGCTTGAGCTGCTATAGTGGGTACCGCAATAAGAGTATTAATTCGTGTTGAATTAGGACAACCTGGAAGGTTCATTGGAGATGACCAATTATATAATGTGATTGTCACAGCTCACGCGTTTGTAATAATTTTTTTTATAGTAATACCTATTTTAATTGGG
otu_lco_1206,Araneidae,AACATTATATTTAGTATTTGGGGCTTGAGCAGCTATAGTTGGTACTGCTATAAGAGTATTAATTCGTACGGAATTGGGTCAATCTGGGAGATTTGTAGGTGATGATCAATTATATAATGTAATTGTGACTGCACATGCTTTTGTAATAATTTTTTTTATAGTAATACCTATTTTAATTGGA
otu_lco_1219,Araneidae,GACATTATACTTGATTTTAGGAGCATGAGCTGCTATAGTAGGGACTGCTATAAGAGTGTTGATTCGGATTGAATTAGGTCAACCAGGGAGGTTTATTGGGGATGATCAGTTGTATAATGTAATTGTAACTGCACATGCTTTTGTAATAATTTTTTTTATAGTAATACCTATTATAATTGGG
otu_lco_1235,Araneidae,GACATTATACTTGATTTTAGGGGCATGAGCTGCTATAGTAGGGACTGCTATAAGAGTGTTGATTCGGATTGAATTAGGTCAACCAGGGAGGTTTATTGGGGATGATCAGTTGTATAATGTAATTGTAACTGCACATGCTTTTGTGATAATTTTTTTTATAGTAATACCAATTATAATTGGG
otu_lco_1236,Araneidae,AAATTTATATTTAATTTTTGGGGCATGATCTGCTATATTAGGGACTGCAATAAGTGTTTTAATTCGGATTGAATTAGGACAATCTGGGAGGTTGCTTGGAGATGATCAATTATATAATGTAATTGTAACAGCACATGCTTTTGTAATAATTTTTTTTATGGTTATACCAATTTTAATTGGT
otu_lco_1238,Araneidae,TACTTTATATTTAATTATAGGAGCTTGGGCAGCTATAGTAGGAACTGCAATAAGAGTATTGATTCGAATTGAGTTAGGACAGCCAGGGAGGTTTATTGGTGATGATCAACTTTATAATGTAATTGTTACGGCTCATGCTTTTGTAATAATTTTTTTTATAGTAATGCCAATTTTAATTGGA
otu_lco_1240,Araneidae,TACTTTATATTTAATTTTTGGGGCTTGGGCTGCTATAGTAGGAACAGCAATGAGAGTTTTAATCCGGGTTGAATTAGGGCAACCCGGAAGATTTATTGGGGATGATCAATTGTACAACGTGATTGTTACTGCTCATGCGTTTGTGATAATTTTTTTTATGGTCATGCCAATTTTAATTGGA
otu_lco_1251,Araneidae,TACTTTATATTTGATTTTAGGAGCTTGAGCTGCTATAGTAGGAACAGCAATAAGAGTATTGATTCGGATTGAGTTAGGTCAATCTGGGAGATTTATTGGGGATGATCAATTGTATAATGTGATTGTTACTGCTCATGCATTTGTTATGATTTTTTTTATAGTGATACCAATTTTAATTGGG
otu_lco_1258,Araneidae,TACTTTATATTTGATTTTAGGAGCTTGAGCTGCTATAGTAGGAACAGCAATAAGAGTATTGATTCGAATTGAGTTAGGCCAATCTGGGAGATTTATTGGGGATGACCAATTATATAATGTGATTGTAACTGCTCATGCATTTGTTATGATTTTTTTTATAGTAATACCAATTTTAATTGGG
otu_lco_1266,Araneidae,GACTTTATATTTAGTTTTTGGTGCTTGATCTGCTATGGTGGGGACAGCAATAAGAGTATTAATTCGGGTTGAGTTAGGACAACCTGGTAGATTTATTGGGGATGACCAGTTGTATAATGTGATTGTAACAGCTCATGCTTTTGTAATAATTTTTTTTATAGTTATACCAATTTTGATTGGG
otu_lco_1271,Araneidae,GACTTTATATTTGATTTTAGGAGCATGGGCTGCTATAGTAGGGACTGCTATAAGAGTATTGATTCGAATTGAATTAGGTCAACCAGGGAGGTTTATTGGGGATGACCAATTATATAATGTAATTGTAACTGCACATGCTTTTGTAATAATTTTTTTTATAGTAATACCAATTATAATTGGT
otu_lco_1272,Araneidae,TTCTTTATATTTAATTTTTGGGGCTTGAGCATCTATATTAGGAACAGCTATAAGAGTATTAATTCGAATTGAATTGGGGCAACCTGGGAGGTTTATTGGAGATGACCAATTATATAATGTAATTGTTACAGCTCATGCATTTGTAATAATTTTTTTTATAGTAATACCTATTTTAATTGGT
otu_lco_1273,Araneidae,AACATTATACTTAATTTTAGGAGCTTGAGCTGCTATAGTAGGAACTGCAATGAGAGTATTAATTCGAATTGAGTTAGGACAGGCTGGAAGGTTTATTGGGGATGACCAATTATATAATGTAATTGTTACGGCTCATGCATTTGTAATAATTTTTTTTATAGTAATACCTATTTTAATTGGA
otu_lco_1274,Araneidae,AACATTATATTTAATTTTTGGAGCTTGAGCAGCTATAGTTGGGACTGCAATAAGAGTATTAATTCGTACTGAGCTTGGACAGCCAGGAAGATTTATGGGGGATGATCAGTTATATAATGTTATTGTTACAGCACATGCGTTTGTTATAATTTTTTTTATGGTTATACCAATTTTGATTGGT
otu_lco_1275,Araneidae,GACATTATATTTAGTTTTTGGTGCTTGAGCTGCTATGGTTGGGACTGCTATAAGAGTATTGATCCGAGTTGAGTTAGGTCAGCCTGGGAGGTTTATTGGGGATGATCAATTGTATAATGTAATTGTAACTGCTCATGCTTTTGTAATAATTTTTTTTATAGTTATACCAATTTTAATTGGG
otu_lco_1282,Araneidae,CACTTTATATTTAATTTTTGGGGCTTGGGCTGCTATAGTAGGTACTGCTATAAGAGTATTAATTCGAATTGAACTTGGGCAACCTGGAAGATTTATTGGAGATGACCAAATTTACAATGTAATTGTTACTGCTCATGCTTTTGTAATAATTTTTTTTATAGTTATACCTATTTTAATTGGG
otu_lco_1287,Araneidae,GACTTTATATTTGGTTTTAGGAGCATGGGCTGCGATAGTAGGAACAGCAATAAGAGTATTAATTCGAATTGAGTTAGGGCAATCTGGGAGGTTTATCGGAGATGACCAATTATATAATGTAATTGTTACTGCTCATGCGTTTGTTATAATTTTTTTTATAGTTATACCAATTTTAATTGGG
otu_lco_1289,Araneidae,GACTTTATACTTAATTTTAGGAGCTTGATCTGCAATAATTGGGACAGCAATAAGAGTTTTAATTCGAATTGAACTTGGTCAACCTGGAAGATTTATCGGGGATGATCAATTATATAATGTCGTTGTAACGGCGCATGCTTTTGTAATAATTTTTTTTATAGTAATACCTATTTTAATCGGG
otu_lco_1301,Araneidae,GACTTTATATTTAATTATAGGAGCTTGAGCAGCTATAGTAGGGACGGCAATGAGAGTATTAATTCGAATTGAGTTAGGACAACCTGGGAGATTTATTGGGGATGACCAATTATATAACGTAATTGTTACAGCACATGCATTTGTTATAATTTTTTTTATAGTAATACCAATTTTAATTGGA
otu_lco_1306,Araneidae,GACTTTATATTTAATTTTTGGAGCTTGATCTGCTATAGTAGGGACAGCAATAAGAGTTTTAATTCGAGTTGAGTTAGGTCAACCTGGTAGATTTATTGGAGATGACCAATTATATAATGTTATTGTTACAGCGCATGCTTTTGTTATAATTTTTTTTATAGTAATACCAATTTTAATTGGA
otu_lco_1314,Araneidae,AACTTTATATTTGATTTTGGGGGCTTGGTCGGCAATAATTGGAACGGCAATAAGAGTGTTAATTCGAATTGAATTAGGGCAACCTGGGTCTTTATTAGGAGACGATCAGTTATACAATGTAATTGTTACTGCTCATGCTTTTATTATAATTTTTTTTATAGTGATACCTATTTTAATTGGG
otu_lco_132,Araneidae,CACATTATATTTGGTTTTAGGGGCTTGGTCTTCTATAGTGGGAACTGCTATAAGTGTACTAATTCGAATTGAATTAGGGCAATTTGGGAGATTTTTAGGAGATGATCAATTGTATAACGTAATTGTAACTGCTCATGCTTTTGTAATGATTTTTTTTATAGTAATACCTATTTTAATTGGG
otu_lco_1344,Araneidae,AACTTTATATTTAATTTTAGGGGCTTGATCAGCAATGGTTGGGACTGCCATAAGAGTTTTAATTCGTATTGAATTGGGGCAGCCTGGTAGATTTATTGGTGATGACCAATTGTATAATGTGGTTGTTACTGCTCATGCTTTTGTTATAATTTTTTTTATAGTTATACCTATTTTAATTGGG
otu_lco_1347,Araneidae,GACATTATATTTAATTTTTGGTGCTTGGGCTGCTATAGTGGGGACTAGGATGAGAGTTTTGATTCGAATTGAGTTGGGTCAACCCGGAAGGTTTATAGGAGATGATCAGTTGTATAATGTAATCGTGACTGCTCATGCATTTGTAATAATTTTTTTTATAGTTATACCAATTTTAATTGGA
otu_lco_135,Araneidae,GAGGTTATATTTAATTTTTGGGGCTTGGGCTGCGATAGTAGGAACTGCTATAAGTGTTTTAATTCGGGTGGAATTAGGACAGCCAGGTAGATTTATTGGGGATGATCAACTATATAACGTAATTGTAACAGCTCATGCTTTTGTAATAATTTTTTTTATAGTAATACCTATTTTAATTGGT
otu_lco_1350,Araneidae,TACATTATATTTAATTTTCGGAGGATGGGCTGCTATAGTAGGGACTGCAATAAGAGTTTTAATCCGGGTTGAATTAGGTCAACCTGGAAGGTTTATTGGGGATGATCAATTATATAATGTTATTGTTACAGCACATGCGTTTGTTATAATTTTTTTTATAGTTATACCAATTTTAATTGGG
otu_lco_1358,Araneidae,GACTTTATATTTAATTTTTGGGGCTTGAGCTGCTATAGTAGGAACAGCTATAAGAGTATTAATTCGAATCGAATTAGGGCAACCTGGGAGATTTATTGGGGATGATCAATTGTATAATGTAATTGTTACAGCTCACGCTTTTGTTATGATTTTTTTTATAGTAATACCTATTTTGATTGGG
otu_lco_1361,Araneidae,AACATTGTATTTAATTTTTGGAGCTTGAGCGGCAATAGTTGGAACTGCAATAAGAGTATTAATTCGGATTGAGTTAGGTCAGCCTGGAAGTTTTATAGGGGATGATCAGTTGTATAATGTAATTGTAACAGCGCATGCATTTGTCATAATTTTTTTTATGGTTATACCTATTTTAATTGGG
otu_lco_1363,Araneidae,TACATTATACTTATTTATAGGAGCTTGAGCGGCAATAGTAGGAACTGCAATAAGAGTATTAATTCGAATTGAGTTAGGACAGCCTGGGAGGTTTGTTGGTGATGACCAATTATACAATGTAATTGTAACAGCACATGCTTTTATTATAATTTTTTTTATAGTAATACCAATTTTAATTGGA
otu_lco_1365,Araneidae,GACTTTGTATTTAATTTTAGGTGCTTGAGCTGCTATAGTAGGAACAGCAATAAGAGTTTTGATCCGGATTGAATTAGGGCAACCAGGAAGGTTTATTGGGGATGATCAGTTATATAACGTGATTGTTACTGCTCATGCATTTGTGATAATTTTTTTTATAGTTATACCAATTTTGATTGGG
otu_lco_1369,Araneidae,GACTTTATATTTAATTATAGGGGCTTGAGCGGCTATAGTAGGAACGGCAATAAGAGTATTAATTCGAATTGAGTTAGGACAGCCTGGGAGATTCATTGGTGATGACCAATTATACAATGTAATTGTTACAGCACATGCGTTTGTGATAATTTTTTTTATGGTAATACCTATTTTAATCGGA
otu_lco_4,Araneidae,AACTTTATATTTAATTATAGGGGCTTGAGCAGCTATAGTAGGAACGGCAATGAGAGTATTAATTCGAATTGAGTTAGGACAACCTGGGAGATTTATTGGGGATGACCAATTGTATAATGTAATTGTTACAGCACATGCATTTGTTATAATTTTTTTTATGGTGATACCAATTTTAATTGGA
otu_lco_1428,Araneidae,AACATTATATTTAATTTTTGGAGCTTGAGCTGCAATAGTAGGAACAGCTATAAGTGTATTAATTCGAGTTGAACTTGGACAACCTGGAAGATTTATTGGAGATGATCAACTTTATAACGTTATTGTAACTGCTCATGCTTTTGTAATAATTTTTTTTATAGTAATACCTATTTTAATTGGT
otu_lco_145,Araneidae,GAGCCTTTATTTAATTTTTGGTGCTTGGGCGGCTATAGTAGGAACTGCTATAAGTGTTTTGATTCGGGTAGAGTTAGGTCAGCCAGGGAGATTTATAGGGGATGATCAATTATATAATGTAATTGTGACTGCTCATGCATTTGTGATAATTTTTTTTATAGTAATACCTATTCTTATTGGG
otu_lco_231,Araneidae,GACTTTATATTTAATTTTTGGAGGGTGATCTGCTATAGTAGGAACTGCTATAAGAGTTTTGATTCGAATTGAGTTAGGGCAACCAGGTAGGTTGCTAGGAGATGATCAGTTATATAATGTAATTGTGACTGCTCATGCGTTTGTAATGATTTTTTTTATAGTTATGCCTGTATTAATTGGA
otu_lco_594,Araneidae,TACTTTATATTTGATTTTTGGGGCTTGAGCTGCTATAGTTGGCACTGCAATAAGAGTGTTAATTCGAATTGAGCTTGGACAACCTGGTAGATTTATTGGAGATGATCAGTTATATAATGTTATTGTTACTGCTCATGCTTTTGTAATAATTTTTTTTATAGTTATACCTATTTTAATTGGT
otu_lco_1576,Araneidae,AACATTATACTTAATTTTAGGAGCTTGAGCTGCTATAGTAGGAACTGCAATGAGAGTATTAATTCGAATTGAGTTAGGGCAGGCTGGAAGGTTTATTGGGGATGACCAGTTATATAATGTAATTGTTACGGCTCATGCATTTGTAATAATTTTTTTTATAGTTATACCTATTTTAATTGGG
otu_lco_1638,Araneidae,AACATTATATTTAGTTTTTGGGGCTTGAGCTGCAATAGTAGGAACAGCTATAAGAGTATTAATTCGAGTTGAACTTGGACAACCTGGAAGATTTATTGGAGATGATCAACTTTATAATGTTATTGTTACTGCTCATGCTTTTGTAATAATTTTTTTTATAGTAATACCTATTTTAATTGGT
otu_lco_99,Araneidae,AACATTATATTTAGTTTTAGGGGCTTGGTCTTCTATAGTAGGGACTGCTATAAGTGTATTAATTCGAATTGAACTAGGGCAATCTGGGAGATTTTTAGGAGATGATCAATTATATAATGTAATTGTAACTGCTCACGCTTTTGTAATGATTTTTTTTATGGTAATACCTATTTTAATTGGT
otu_lco_97,Araneidae,GACTCTATATTTAATTTTTGGTGCTTGAGCATCTATAATTGGAACGGCTATAAGAGTTTTAATTCGAATTGAGTTAGGACAACCTGGGAGGTTTATTGGGGATGATCAATTGTATAATGTAATTGTTACTGCTCATGCTTTTGTTATAATTTTTTTTATAGTTATACCAATTTTAATTGGA
otu_lco_178,Araneidae,AACATTATATTTAGTATTTGGGGCTTGAGCAGCTATGGTTGGTACTGCTATAAGAGTATTAATTCGTACGGAATTGGGTCAATCTGGAAGATTTGTAGGTGATGATCAATTATATAATGTGATTGTGACTGCACATGCTTTTGTAATAATTTTTTTTATAGTAATACCTATTTTAATTGGA
otu_lco_78,Araneidae,GACTTTATATTTAATTTTTGGAGCTTGATCTGCTATAGTAGGGACAGCAATAAGAGTTTTAATTCGAATTGAGTTAGGTCAACCTGGTAGATTTATTGGAGATGATCAATTGTATAATGTTATTGTTACAGCGCATGCTTTTGTTATAATTTTTTTTATAGTAATACCAATTTTAATTGGG
otu_lco_1827,Araneidae,GACTTTATATTTAATTTTTGGTGGGTGATCCGCCATAGTAGGAACAGCTATGAGAGTTTTAATTCGAATCGAGTTAGGACAACCTGGAAGTTTGTTAGGAGATGATCAGTTATACAATGTGATTGTAACAGCTCATGCGTTTGTAATAATTTTTTTTATAGTAATACCTGTATTAATTGGA
otu_lco_226,Araneidae,GAGACTTTATTTAATTTTTGGAGGTTGAGCGGCTATAGTTGGAACTGCAATAAGAGTATTAATTCGGGTAGAATTGGGGCAACCAGGAAGGTTTATTGGGGACGACCAGTTGTATAATGTTATTGTTACTGCTCATGCTTTTGTAATAATTTTTTTTATAGTTATGCCTATTTTAATTGGG
otu_lco_237,Araneidae,TACTTTATATTTAATTTTTGGAGCTTGATCAGCTATAGTAGGAACTGCAATAAGAGTATTGATTCGAATTGAATTAGGTCAGTCTGGTAGATTTATTGGGGATGATCAGTTATATAATGTAATTGTAACTGCTCATGCTTTTGTTATGATTTTTTTTATAGTTATACCTATTTTAATTGGT
otu_lco_263,Araneidae,AACATTGTATTTAATTTTTGGGGCTTGAGCGGCAATAGTTGGAACTGCAATAAGAGTATTAATTCGGATTGAGTTAGGTCAGCCTGGAAGTTTTGTAGGGGATGATCAGTTGTATAATGTGATTGTAACAGCGCATGCATTTGTCATAATTTTTTTTATGGTTATACCTATTTTAATTGGG
otu_lco_277,Araneidae,GACATTATACTTGATTATAGGAGCCTGAGCGGCTATAGTAGGAACTGCAATAAGAGTATTAATCCGAATTGAGTTGGGGCAACCGGGGAGGTTTATTGGTGATGACCAGTTGTATAATGTAATTGTTACAGCTCACGCGTTTGTTATAATTTTTTTTATAGTAATACCTATCTTGATTGGG
otu_lco_32,Araneidae,TACTTTATATTTAATTATAGGAGCTTGAGCAGCTATAGTAGGAACTGCAATAAGAGTATTAATTCGAATTGAGTTAGGACAGCCAGGGAGGTTTATTGGTGATGATCAACTTTATAATGTTATTGTTACGGCTCATGCTTTTGTAATAATTTTTTTTATAGTTATACCAATTTTAATTGGG
otu_lco_332,Araneidae,AACTTTATATTTAATTTTTGGGGTTTGAGCAGCTATATTAGGAACTGGATTAAGAGTTTTAATTCGAATTGAGTTGGGTCAATGTGGTAGGTTTTTAGGAGATGATCAATTATATAATGTTATTGTTACTTCTCATGCTTTTGTTATAATTTTTTTTATGGTTATACCAATTATAATTGGT
otu_lco_405,Araneidae,GACATTATACTTGATTATAGGAGCCTGAGCGGCTATAGTAGGGACTGCAATAAGAGTATTAATCCGAATTGAGTTGGGGCAACCGGGGAGGTTTATTGGTGATGACCAGTTATATAATGTAATTGTTACAGCTCACGCGTTTGTTATAATTTTTTTTATGGTGATACCCATCTTGATTGGG
otu_lco_426,Araneidae,AACATTATATTTAATTTTTGGTGCTTGGGCTGCTATAGTTGGGACTAGGATGAGAGTTTTGATTCGAATTGAGTTGGGTCAACCCGGAAGGTTTATAGGAGATGATCAGTTGTACAATGTAATTGTGACTGCTCATGCATTTGTAATAATTTTTTTTATAGTAATACCAATTTTAATTGGA
otu_lco_455,Araneidae,TACTTTATATTTGATTTTAGGAGCTTGAGCTGCTATAGTAGGGACAGCAATAAGAGTATTGATTCGAATTGAGTTAGGTCAATCTGGGAGATTTATTGGGGATGACCAATTATATAATGTGATTGTTACTGCTCATGCATTTGTTATGATTTTTTTTATAGTGATACCAATTTTAATTGGG
otu_lco_457,Araneidae,GACATTATATTTAGTGTTTGGTGCTTGGGCAGCGATGGTGGGTACTGCTATAAGGGTAATCATCCGGGTTGAATTAGGTCAACCCGGAAGATTTATTGGTGATGATCAATTATATAATGTAGTTGTTACTGCTCATGCCTTTGTTATAATTTTTTTTATAGTGATACCAATTTTGATTGGG
otu_lco_506,Araneidae,GACATTATACTTGATTATAGGGGCCTGAGCGGCTATAGTAGGAACTGCAATAAGAGTATTAATCCGAATTGAGTTGGGGCAACCGGGGAGGTTTATTGGTGATGACCAGTTGTATAATGTAATTGTTACAGCTCACGCGTTTGTTATAATTTTTTTTATAGTAATGCCCATCTTGATTGGG
otu_lco_588,Araneidae,TAGATTATATTTGATTTTTGGTGCTTGAGCTGCTATAGTAGGAATAGGAATAAGAGTATTAATTCGGATTGAATTAGGACAATCTGGAAGAATTATTGGAGATGATCATTTATATAATGTAATTGTAACTGCTCATGCTTTTGTGATAATTTTTTTTATAGTTATACCTATTTTAATTGGT
otu_lco_674,Araneidae,TACTTTATATTTAATTATAGGAGCTTGAGCAGCTATAGTAGGGACAGCAATGAGAGTATTAATTCGAATTGAGTTAGGACAACCTGGGAGATTTATTGGTGATGACCAATTGTATAACGTAATTGTTACGGCACATGCATTTGTTATAATTTTTTTTATAGTTATACCAATTTTAATTGGG
otu_lco_70,Araneidae,AACATTATATTTGATTTTAGGAGCATGGGCTGCTATAGTAGGGACTGCTATAAGAGTATTAATTCGAATTGAATTAGGTCAACCAGGGAGGTTTATTGGGGATGATCAGCTATATAATGTAATTGTAACTGCACATGCTTTTGTAATAATTTTTTTTATAGTGATACCAATTATAATTGGG
otu_lco_74,Araneidae,TACTTTATATTTAATTTTAGGAGCTTGATCAGCAATAGTTGGTACTGCAATAAGAGTATTGATTCGAATTGAATTAGGACAACCAGGGAGATTTATTGGTGATGACCAATTGTATAATGTAGTAGTTACTGCCCACGCTTTTGTTATAATTTTTTTTATAGTAATACCTATCTTAATTGGG
otu_lco_79,Araneidae,GAGATTATATTTGATTTTAGGAGCATGGGCTGCTATAGTAGGAACTGCTATAAGAGTGTTAATTCGGGTTGAATTAGGTCAACCCGGGAGGTTTATTGGGGATGACCAATTATATAATGTGATTGTGACTGCTCATGCATTTGTAATAATTTTTTTTATAGTGATACCAATTATAATTGGG
otu_lco_8,Araneidae,GACTTTATACTTAATTTTAGGAGCTTGATCTGCAATAATTGGGACAGCAATAAGAGTTTTAATTCGAATTGAACTTGGTCAACCTGGGAGATTTATTGGAGATGACCAGTTATATAATGTTGTCGTAACGGCGCATGCTTTTGTAATAATTTTTTTTATAGTAATACCTATCTTAATCGGG
otu_lco_80,Araneidae,GACATTATATTTAGTTTTTGGAGCTTGGGCTGCTATAGTGGGGACTGCTATAAGAGTAATTATTCGAATTGAGTTGGGTCAACCTGGAAGGTTTATTGGGGATGATCAGCTTTATAATGTTATCGTGACTGCACATGCATTTGTAATAATTTTCTTTATAGTTATACCTATTTTAATTGGG
otu_lco_873,Araneidae,AAGGTTATATTTAATTTTTGGAGCTTGGGCTGCGATAGTAGGAACTGCTATGACTGTCTTAATTCGAGTGGAATTAGGACAGCCAGGAAGATTTATTGGGGACGATCAACTATATAACGTAATTGTGACGGCGCATGCTTTTGTAATATTTTTTTTTATAGTAATACCTATTTTAATTGGA
otu_lco_989,Araneidae,AACTTTATATTTAATTATAGGGGCCTGAGCAGCTATAGTAGGAACGGCAATGAGAGTATTAATTCGAATTGAGTTAGGACAACCTGGGAGATTTATTGGGGATGACCAATTATATAATGTTATTGTTACTGCTCATGCTTTTGTAATAATTTTTTTTATAGTTATACCAATTTTAATTGGG
otu_lco_1423,Araneidae,TACTTTGTATTTACTTTTTGGGGCTTGAGCTGCTATAGTTGGGACTGCAATAAGAGTTTTAATTCGAATTGAATTAGGACAACCTGGTAGATTTTTAGGGGATGATCAATTGTATAATGTAATTGTTACTGCTCATGCTTTTGTAATAATTTTTTTTATAGTGATACCTATTTTAATTGGG
otu_lco_1229,Cheiracanthiidae,AACTTTATATTTTATATTTGGAGCTTGATCTTCTATAGCAGGTACAGCTATAAGAATTTTAATTCGTATAGAATTAGGGCAAGTAGGATCTTTTTTAGGTGATGATCAGTTATATAATGTTGTTGTTACTGCACATGCTTTTGTAATAATTTTTTTTATAGTAATACCTATTTTAATTGGA
otu_lco_1264,Cheiracanthiidae,GACTTTATATTTTATATTTGGAGCTTGATCTTCTATAGCAGGTACAGCTATAAGTATTTTAATTCGAATAGAATTAGGACAAGTAGGATCTTTTTTAGGTGATGATCAATTATATAATGTTGTTGTTACTGCACATGCTTTTGTTATAATTTTTTTTATAGTAATACCAATTTTGATTGGG
otu_lco_1269,Cheiracanthiidae,AACTTTATATTTTATATTTGGGGCGTGATCTGCTATAGTGGGTACTGCTATAAGAATTTTAATTCGAATTGAATTAGGTCAAGTGGGTTCTTTTTTAGGTGATGATCAATTATATAATGTTATTGTAACTGCTCATGCTTTTGTTATAATTTTTTTTATAGTAATACCTATTTTAATTGGG
otu_lco_1319,Cheiracanthiidae,AACTTTATATTTTATATTTGGAGCTTGATCTTCTATGGCGGGTACGGCTATAAGTATTTTAATTCGAATAGAATTGGGACAAGTAGGATCTTTTTTAGGTGATGATCAATTATATAATGTTGTTGTTACTGCACATGCTTTTGTAATAATTTTTTTTATAGTGATACCTATTTTAATTGGG
otu_lco_1328,Cheiracanthiidae,AACTTTATATTTTATTTTTGGAGCTTGATCTGCAATAGTTGGAACAGCAATAAGAGTATTAATTCGTATAGAATTAGGACAAGTAGGTTCTTTTTTAGGTGATGATCAATTATATAATGTTGTTGTTACTGCTCATGCTTTTGTAATGATTTTTTTTATAGTAATACCTATTTTAATTGGT
otu_lco_1425,Cheiracanthiidae,TTCTTTATATTTTATATTTGGAGCTTGATCAGCTATAGCTGGAACAGCAATAAGAGTTCTTATTCGAATGGAATTAGGTCAGGTTGGATCTTTTATAGGTGATGATCAATTATATAATGTTATTGTAACAGCTCATGCATTTGTTATAATTTTTTTTATAGTAATACCAATTTTAATTGGT
otu_lco_1501,Cheiracanthiidae,AACTTTATATTTTATATTTGGAGCTTGATCTTCTATAGCAGGTACAGCAATAAGTATTTTAATTCGAATAGAATTAGGACAGGTAGGATCTTTTTTAGGTGATGATCAATTATATAATGTTATTGTTACTGCACATGCTTTTGTAATAATTTTTTTTATAGTAATACCTATTTTAATTGGA
otu_lco_1518,Cheiracanthiidae,AACTTTATATTTTATATTTGGGGCTTGATCTTCTATAGTAGGTACAGCTATAAGAATATTAATTCGAATAGAATTAGGGCAGGTAGGATCTTTTTTAGGTGATGATCAATTATATAATGTTATTGTTACTGCACATGCTTTTGTAATAATTTTTTTTATAGTAATACCTATTTTAATTGGA
otu_lco_162,Cheiracanthiidae,AACTTTATATTTTATATTTGGAGCTTGATCTTCTATAGTGGGTACGGCAATAAGTGTTTTAATTCGAATAGAATTAGGGCAAGTAGGATCTTTTTTAGGTGATAATCAATTGTATAATGTTATTGTTACTGCACATGCTTTTGTAATAATTTTTTTTATAGTAATACCTATTTTAATTGGA
otu_lco_1242,Clubionidae,AACTTTGTATTTAATATTTGGTTCTTGAGCTGCTATAGTTGGTACAGGAATAAGTATATTAATTCGTATAGAATTAGCACAATGTGGTAGATTATTAGGTGATGATCATATATATAATGTGATTGTGACTGCTCATGCATTTGTAATAATTTTTTTTATAGTTATACCAATTTTAATTGGT
otu_lco_1243,Clubionidae,GACGTTATATTTAATTTTTGGAGCTTGATCTGCTATAGTTGGTACTTCTATAAGAATATTAATTCGATTAGAATTAGGGCAATCTGGAACTTTTTTAGGAAATGATCATTTATATAATGTGGTAGTGACGGCACATGCTTTTGTAATAATTTTTTTTATAGTAATACCTATTTTAATTGGA
otu_lco_1253,Clubionidae,AACTTTATATTTAGTTTTTGGAGCTTGGTCTGCTATAGTAGGTACTTCTATAAGAATATTAATTCGTATGGAATTAGGACAATCTGGTACATTTTTGGGAAATGATCATTTATATAATGTAGTAGTGACGGCACATGCTTTTGTTATGATTTTTTTTATAGTTATGCCAATTTTAATTGGT
otu_lco_210,Clubionidae,TACATTATATTTAGTTTTTGGAGCTTGATCAGCGATAGTAGGTACTGCTATAAGAGTATTAATTCGTATGGAATTAGGACAATCAGGGGCTTTATTAGGAGATGATCATTTGTATAATGTAGTAGTTACTGCTCATGCTTTTGTTATAATTTTTTTTATAGTAATACCTATTTTAATTGGA
otu_lco_1149,Coriniidae,TACTTTGTATTTAATTTTTGGTTCTTGATCAGCTATAGTTGGAACGGCAATAAGAGTATTAATTCGAATAGAGTTAGGTCAAGTTGGTAGATTGTTGGGTGATGATCATTTATATAATGTTATTGTAACGGCTCATGCTTTTGTAATGATTTTTTTTATAGTAATACCTATTTTAATTGGT
otu_lco_35,Coriniidae,GACGTTATATTTAATTTTTGGGTCTTGATCAGCTATAGTAGGGACAGCAATAAGTGTTTTAATTCGAATAGAATTAGGACAAGTAGGTAGATTATTAGGTGATGATCACCTATATAATGTTGTTGTAACAGCTCATGCTTTTGTAATAATTTTTTTTATAGTTATACCTATTTTGATTGGT
otu_lco_1291,Coriniidae,AACTTTATATTTAATTTTTGGTGCTTGATCTGCAATAGTTGGAGTAGCAATAAGTGTTTTAATTCGATTTGAATTAGGTCAAACAGGTAGATTATTTGGAGATGATCAATTATATAATGTTATTGTAACTGCTCATGCTTTTATTATAATTTTTTTTATAGTAATACCTATTATAATTGGA
otu_lco_1299,Coriniidae,AACTTTATATTTAATTTTTGGTGCTTGATCTGCAATGGTTGGGGTGGCTATAAGTGTATTAATTCGATTTGAGTTAGGTCAAACGGGAAGATTATTTGGAGATGATCATTTATATAATGTAATTGTAACTGCTCATGCCTTTGTTATAATTTTTTTTATAGTTATACCTATTATAATTGGA
otu_lco_15,Coriniidae,AACTTTATATTTAATTTTTGGTGCTTGATCTGCGATAGTTGGAGTGGCTATAAGTGTATTAATTCGATTTGAATTAGGTCAATCGGGAAGATTATTTGGAGATGATCATTTATACAATGTTATTGTAACTGCTCATGCTTTTGTTATAATTTTTTTCATAGTAATACCAATTATAATTGGG
otu_lco_742,Coriniidae,AACTTTATATTTAATTTTTGGTGCTTGATCTGCAATAGTTGGAGTGGCTATAAGTGTATTAATTCGATTTGAATTAGGTCAATCGGGAAGATTATTTGGAGATGATCATTTATATAATGTTATTGTAACTGCTCATGCTTTTGTTATAATTTTTTTTATAGTAATACCAATTATAATTGGG
otu_lco_364,Coriniidae,TTCTTTATATTTAATTTTTGGGTTTTGATCTGCTATAGTGGGTACTGCAATGAGAGTTTTAATTCGTATGGAATTAGGGCAAGTTGGGAGATTATTAGGTGATGATCATTTGTATAATGTTGTTGTAACTTCTCATGCTTTTATTATAATTTTTTTTATAGTAATACCTATTTTAATTGGC
otu_lco_384,Coriniidae,TACTTTATATTTAATTTTTGGTTCTTGATCTGCTATAGTAGGTACGGCAATAAGAGTATTGATTCGAATGGAATTAGGTCAGGTTGGTAGTTTATTAGGTAATGATCATTTATATAATGTGGTTGTAACAGCTCATGCTTTTGTAATGATTTTTTTTATAGTGATGCCTATTTTAATTGGT
otu_lco_447,Coriniidae,TACTTTGTATTTAATTTTTGGTTCTTGATCAGCTATAGTTGGAACGGCAATAAGAGTATTAATTCGAATAGAATTAGGACAAGTTGGTAGATTATTAGGTGATGATCATTTATATAATGTTATTGTAACGGCTCATGCTTTTGTAATGATTTTTTTTATAGTAATACCTATTTTAATTGGT
otu_lco_452,Coriniidae,GACGTTATATTTAATTTTTGGATCTTGATCGGCTATAGTAGGAACAGCAATAAGAGTTTTAATTCGAATAGAATTAGGGCAAGTAGGTAGATTACTAGGTGATGATCATTTATATAATGTGGTTGTAACAGCCCATGCTTTCGTAATGATTTTTTTTATAGTTATACCAATTTTAATTGGT
otu_lco_485,Coriniidae,GTCTTTATATTTGATTTTTGGTTGTTGATCTGCTATGGTTGGTACTGGTATAAGAGTATTGATTCGAATAGAATTAGGCCAAGTAGGAAGATTATTGGGTGATGATCATTTATATAATGTTGTTGTAACAGCTCATGCTTTTGTTATAATTTTTTTTATGGTTATACCTATTTTAATTGGT
otu_lco_68,Coriniidae,AACTTTATATTTGATTTTTGGTGCTTGATCTGCAATGGTTGGGGTGGCTATAAGTGTATTAATTCGATTTGAGTTAGGTCAAACAGGAAGATTATTTGGAGATGATCATTTATATAATGTAATTGTAACTGCTCATGCTTTTGTTATAATTTTTTTTATAGTTATACCTATTATAATTGGA
otu_lco_708,Coriniidae,GACTTTATATTTAATTTTTGGTGCTTGATCTGCTATAGTTGGAGTAGCAATAAGTGTTTTGATTCGGTTTGAGTTGGGACAAACGGGTAGATTGTTTGGGGATGATCAATTATATAATGTTATTGTAACTGCTCATGCTTTTATTATAATTTTTTCTATAGTTATGCCTATTATAATTGGG
otu_lco_148,Ctenidae,TACTTTATATTTAATATTTGGAGCTTGAGCAGCTATAGTTGGAACAGCTATAAGAGTATTAATTCGAATGGAATTAGGACATTCTGGAAGATTATTAGGTGATGATCATTTATATAATGTAGTTGTTACTACTCATGCTTTTGTTATAATTTTTTTTATAGTAATACCTATTTTAATTGGA
otu_lco_284,Ctenidae,TACATTGTATTTGATGTTTGGGGCTTGATCTTCTATAGTAGGAACTTCAATAAGAGTAATTATTCGGACAGAGTTGGGACATTCTGGAAGATTATTAGGGGATGATCATTTGTATAATGTGATTGTTACTGCTCATGCTTTTGTTATAATTTTTTTTATAGTAATACCTATTTTAATTGGA
otu_lco_320,Ctenidae,GACTTTATATTTGATATTTGGAGCTTGAGCTTCTATAATAGGTACTTCTATAAGAGTATTAATTCGAATGGAATTAGGACATCCTGGTAGATTATTAGGGGATGATCATTTATATAATGTGATTGTTACTGCTCATGCTTTTGTTATAATTTTTTTTATAGTTATACCTATTTTAATTGGA
otu_lco_376,Ctenidae,AACTTTGTATTTAATGTTTGGGGCTTGAGCTTCTATAATGGGAACTTCTATAAGAGTATTAATTCGTATAGAATTAGGGCATTCTGGAAGATTATTAGGGGATGATCATTTATATAATGTGATTGTTACTGCTCATGCTTTTGTTATGATTTTTTTTATAGTAATGCCTATTTTAATTGGA
otu_lco_435,Ctenidae,GACTTTATATTTGATATTTGGAGCTTGAGCTTCTATAATAGGTACTTCTATGAGAGTATTAATTCGAATGGAATTAGGACATCCTGGTAGATTATTAGGAGATGATCATTTGTATAATGTGATTGTTACTGCTCATGCTTTTGTTATAATTTTTTTTATAGTTATACCTATTTTAATTGGA
otu_lco_888,Ctenidae,AACTTTGTATTTAATGTTTGGAGCTTGGGCTTCTATAATAGGTACTTCTATAAGAGTATTAATTCGTATAGAATTAGGGCATTCTGGGAGATTATTAGGAGATGATCATTTATATAATGTAGTTGTTACTGCTCATGCTTTTGTTATAATTTTTTTTATAGTAATACCTATTTTGATTGGG
otu_lco_93,Ctenidae,AACTTTATATTTAATGTTTGGAGCTTGAGCTTCTATGATAGGAACTTCTATAAGAGTGTTAATTCGAATAGAATTAGGACATCCTGGAAGATTATTAGGGGATGATCATTTGTATAATGTAATTGTTACTACTCATGCTTTTGTTATGATTTTTTTTATAGTAATACCTATTTTAATTGGA
otu_lco_1323,Deinopidae,TACTTTATATTTATTATTTGGAGCTTGATCTGCTATAGCAGGAACAGCAATAAGAGTTTTGATTCGGACTGAATTAGGGCAACCTGGAAGATTATTAGGAGATGATCATCTTTATAATGTTATTGTTACTGCACATGCTTTTGTTATAATTTTTTTTATAGTTATACCTATTTTAATTGGA
otu_lco_1335,Deinopidae,TACTTTATATTTATTATTTGGAGCTTGATCTGCTATAGCAGGAACAGCTATGAGAGTTTTGATTCGGACTGAATTAGGGCAACCTGGAAGATTATTAGGGGATGATCATCTTTATAATGTTATTGTTACTGCACATGCTTTTGTTATAATTTTTTTTATAGTTATACCTATTTTAATTGGA
otu_lco_1360,Deinopidae,AACGTTATATTTATTGTTTGGGGCTTGATCAGCTATAGCTGGTACAGCTATAAGAGTTTTAATTCGTACTGAATTAGGGCAACCTGGTAGATTATTAGGAGATGATCATTTATATAATGTTATTGTTACAGCTCATGCTTTTGTTATAATTTTTTTTATAGTAATACCTATTATAATTGGA
otu_lco_542,Deinopidae,TACTTTATATTTATTATTTGAGGCTTGATCTGCTATAGCAGGAACAGCTATAAGAGTTTTAATTCGGACTGAATTAGGGCAACCTGGAAGATTATTAGGAGATGATCATCTTTATAATGTTATTGTTACTGCACATGCTTTTGTTATAATTTTTTTTATAGTTATACCTATTTTAATTGGA
otu_lco_12,Hahniidae,TACGTTATATTTAGTTTTTGGGGCATGAGCTGCTATAGTGGGAACAGCTATAAGAGTTCTTATTCGAATTGAGTTAGGGCAACCTGGTAGTTTTTTAGGGGATGATCATTTATATAATGTTGTTGTTACTGCTCATGCTTTTGTTATAATTTTTTTTATAGTTATGCCTATTATGATTGGT
otu_lco_1333,Hahniidae,GACAATATATTTAATTTTTGGTGCTTGATCTGCAATAGTAGGAATAGCTATGAGAGTTCTTATTCGAATTGAATTAGGACAACCAGGAAGATTTTTAGGAGATGATCATTTATATAATGTAATTGTTACTGCTCATGCTTTTGTGATAATTTTTTTTATAGTCATACCAATTATAATTGGT
otu_lco_142,Hahniidae,GACAATATATTTAATTTTTGGTGCTTGATCAGCAATAGTGGGGACGGCTATAAGAGCTCTTATTCGAATTGAATTAGGACAACCAGGAAGATTTTTAGGAGATGACCATTTATATAATGTAATTGTTACTGCTCATGCGTTTGTGATAATTTTTTTTATAGTAATGCCGATTATGATTGGT
otu_lco_152,Hahniidae,GACGTTATATTTAATTTTTGGAGCTTGGTCGGTTATAGTTGGGACAGCTATAAGAGTTCTTATTCGAATTGAATTAGGTCAACCAGGAAGATTTTTAGGTGATGATCATTTATATAATGTAATTGTTACTGCTCATGCTTTTGTGATGATTTTTTTTATAGTTATGCCTATTATAATTGGA
otu_lco_553,Hersiliidae,TACTTTATATTTAATGTTTGGGGCTTGATCCGCTATAGTGGGAACAGCTATAAGAGTATTAATCCGGGTAGAATTAGGGCAACCCGGAAGATTTTTAGGTGATGATCATTTGTACAATGTGATTGTTACCGCTCATGCTTTTGTAATGATTTTTTCTATAGTAATGCCTATTTTAATTGGG
otu_lco_1316,Hersiliidae,GACTTTATATTTAATTTTTGGAATTTGGGCTGGAATAGTAGGAATAGCTATAAGAGTATTAATTCGAATTGAATTAGGACAATCTGGTAGATTTTTAGGAGATGATCAATTATATAATGTAATTGTTACGGCTCATGCTTTTATTATAATTTTTTTTATAGTAATACCAATTTTAATTGGA
otu_lco_1317,Hersiliidae,CACATTGTATTTGATGTTTGGGGCATGGTCTGCAGCAGTTGGGACCTCTATAAGAGTATTAATTCGAACTGAATTAGGGGCTCCTGGAAGACTTTTTGGAGATGACCATTTGTATAATGTTATTGTTACAGCTCATGCTTTTTTGATAATTTTTTTTATGGTAATACCTATTTTAATTGGG
otu_lco_235,Hersiliidae,CACATTGTACTTGATGTTTGGGGCATGGTCTGCAGCAGTTGGGACCTCTATAAGAGTATTAATTCGAACTGAATTAGGGGTTCCTGGAAGACTTTTTGGAGATGACCATTTGTATAATGTTATTGTTACAGCTCATGCTTTTTTGATAATTTTTTTTATGGTGATACCTATTTTAATTGGG
otu_lco_258,Hersiliidae,TACTTTATATTTAATGTTTGGGGCTTGATCTGCTATAGTAGGTACAGCTATAAGAGTGTTAATCCGGGTAGAATTAGGGCAACCTGGAAGATTTTTGGGCGATGATCATTTGTATAATGTGATTGTTACCGCTCATGCTTTTGTAATGATTTTTTTTATAGTAATGCCTATTTTAATTGGG
otu_lco_1,Linyphiidae,AACATTATATTTTATTTTTGGAGGATGATCTGCTATAGTAGGAACAGCTATAAGAGTATTAATTCGAATTGAATTAGGACAAACTGGAAGTTTTTTAGGTGATGATCAATTATATAATGTTATTGTTACTGCTCATGCTTTTATTATAATTTTTTTTATAGTAATACCAATTTTAATTGGA
otu_lco_143,Linyphiidae,GACGTTATACTTATTATTTGGAGCTTGATCAGCTATAGTAGGGACTGCTATAAGAGTTATAATTCGAATTGAATTAGGGCAATCCGGTAGATTTTTTGGAGATGACCAATTATACAATGTAGTAGTAACAGCTCATGCTTTTGTAATAATTTTTTTTATAGTAATACCGATTTTGATTGGG
otu_lco_113,Linyphiidae,TAGTCTATATTTAATTTTTGGAGCTTGAGCATCTATAGTTGGTACTGCAATAAGAGTTTTAATTCGGGTAGAATTAGGTCAGACTGGTAGAATGTTAGGAGATGATCATTTATATAATGTTATTGTAACAGCACATGCTTTTATTATAATTTTTTTTATAGTAATACCTATTTTGATTGGG
otu_lco_1185,Linyphiidae,AACTTTATATCTAATTTTTGGTGCATGATCTGCTATAGTAGGGACTGCAATAAGAGTGTTGATTCGTGTGGAATTAGGGCAAACGGGTAGAATATTAGGGGATGACCATCTGTACAATGTAATTGTTACAGCTCATGCTTTTATTATAATTTTTTTTATAGTTATACCTATTTTAATTGGG
otu_lco_1217,Linyphiidae,TACGTTATATTTTATTTTTGGAGCCTGAGCTGCCATGGTTGGAACAGCTATAAGAGTATTAATTCGAATTGAGTTAGGACAAACTGGGAGTATGCTGGGGGATGATCAATTATATAATGTTATTGTTACTGCACATGCTTTTGTTATAATTTTTTTTATAGTTATACCAATTTTAATTGGG
otu_lco_1228,Linyphiidae,AAGTTTATATTTTGTATTTGGAGCTTGATCTGCTATAGTGGGAACAGCTATAAGATTATTAATTCGAGTGGAATTGGGTCAAACTGGGAGTTTATTTGGGGATGACCAATTATATAATGTTATTGTCACTTCGCATGCTTTTGTCATAATTTTTTTTATGGTTATACCTATTTTAATTGGA
otu_lco_124,Linyphiidae,AACTTTATATTTAATATTTGGAGCTTGGTCGGCTATAGTAGGAACTGCTATAAGAGTTATAATTCGAATTGAATTAGGTCAACCTGGAAGATTTTTTGGTGATGATCAATTATATAATGTTGTAGTGACTGCTCATGCTTTTGTTATAATTTTTTTTATAGTAATACCAATTTTAATTGGA
otu_lco_1245,Linyphiidae,AACGTTATATTTTATTTTTGGGGCCTGAGCTGCCATGGTTGGGACAGCTATAAGAGTATTAATTCGAATTGAGTTAGGACAAACTGGGAGTATGCTGGGGGATGATCAACTATATAATGTTATTGTTACTGCACATGCTTTTGTTATAATTTTTTTTATAGTTATACCAATTTTAATTGGG
otu_lco_1252,Linyphiidae,GAGATTATATTTTGTATTTGGAGCTTGATCTGCAATAGTAGGAACAGCTATAAGACTATTAATTCGAGTAGAATTAGGCCAGACTGGAAGTTTGTTGGGGGACGATCAATTATATAATGTTATTGTTACTTCACATGCTTTTGTTATAATTTTTTTTATGGTTATGCCTATTTTGATTGGG
otu_lco_1278,Linyphiidae,AACATTATATTTTATTTTTGGAGCTTGAGCTGCTATAGTAGGAACAGCAATAAGAGTATTAATTCGAATTGAGCTAGGACAAATAGGGAGATTATTAGGAGATGACCATTTATATAATGTAATTGTTACTGCTCATGCTTTTATTATAATTTTTTTTATAGTTATACCAATTTTAATTGGA
otu_lco_1280,Linyphiidae,TAGTTTGTATTTTATATTTGGTATTTGATGTGGGATAGTAGGAACAGCAATAAGAATATTAATTCGAATTGAATTAGGGCAGAGAGGATCATTTTTAGGTAGTGATCATTTATATAATGTTATTGTTACTGCACATGCTTTTATTATAATTTTTTTTATGGTTATACCTATTTTAATTGGG
otu_lco_131,Linyphiidae,GTCTTTATATTTTATTTTTGGAGCTTGAGCTGCTATAGTAGGAACTGCGATAAGAGTATTAATTCGAATTGAGCTGGGTCAAACGGGGAGAATGTTAGGGGATGATCAATTATATAATGTTATTGTTACAGCACATGCTTTTGTTATAATTTTTTTTATAGTTATACCAATTTTAATTGGT
otu_lco_1320,Linyphiidae,TACATTATATTTTATTTTTGGGGCTTGAGCTGCTATAGTGGGAACAGCTATAAGAGTATTAATTCGAATTGAATTAGGACAAATTGGAAGAATATTAGGGGATGATCAGTTGTACAATGTTATTGTTACTGCTCATGCTTTTGTAATAATTTTTTTTATAGTTATACCAATTTTAATTGGA
otu_lco_1322,Linyphiidae,GACGTTATATTTATTATTTGGGGCTTGATCAGCTATAGTAGGAACTGCTATAAGAGTAATAATTCGAATTGAATTAGGTCAATCAGGAAGATTTTTTGGAGATGATCAATTGTATAATGTGGTAGTTACGGCTCATGCTTTTGTAATAATTTTTTTTATAGTGATACCAATTTTGATTGGA
otu_lco_1327,Linyphiidae,AACATTATATTTGTTGTTTGGAACTTGATCAGCTATAGTGGGGACTGCAATAAGAGTTATGATCCGGATTGAACTAGGACAATCAGGTAGATTTTTTGGAGATGACCAATTATATAATGTGGTGGTAACAGCTCATGCTTTTGTAATAATTTTTTTTATAGTAATACCAATTTTAATTGGA
otu_lco_1334,Linyphiidae,TAGTTTGTATTTTATATTTGGTATTTGATGTGGGATAGTAGGGACAGCAATAAGAATATTAATTCGAATTGAATTAGGGCAGAGAGGATCATTTTTAGGTAGTGATCATCTATATAATGTTATTGTTACTGCACATGCTTTTGTTATAATTTTTTTTATGGTTATACCTATTTTAATTGGG
otu_lco_1393,Linyphiidae,GACTTTGTATTTTATTTTTGGGGGGTGGTCTGCTATAGTTGGGACAGCTATAAGAGTATTAATTCGAATTGAATTAGGTCAAATTGGGAGATTTTTAGGAGATGACCAATTATATAATGTAATTGTTACAGCTCATGCTTTTATTATAATTTTTTTTATAGTTATACCAATTTTAATTGGA
otu_lco_140,Linyphiidae,AACATTATATTTTATTTTTGGGGCTTGGGCTGCTATAGTTGGTACAGCAATAAGAGTATTAATTCGAATTGAATTAGGACAAACAGGAAGATTATTAGGGGATGATCAGTTATATAATGTAATTGTTACTGCACATGCTTTTGTAATAATTTTTTTTATAGTAATACCAATTTTAATTGGT
otu_lco_465,Linyphiidae,AAGTTTATATTTTGTATTTGGAGCGTGATCTGCTATGGTAGGAACAGCTATAAGATTGTTAATTCGGGTTGAATTAGGTCAGACTGGAAGTTTATTAGGAGATGATCAATTGTATAATGTTATTGTTACTTCGCATGCTTTTGTTATAATTTTTTTTATAGTAATACCTATTTTAATTGGA
otu_lco_288,Linyphiidae,GACGTTATATTTATTATTTGGGGCTTGGTCAGCTATAGTAGGGACTGCCATAAGAGTAATAATTCGAGTTGAATTAGGTCAATCAGGTAGATTTTTTGGAGATGATCAATTGTATAATGTGGTAGTTACGGCTCATGCTTTTGTAATAATTTTTTTTATAGTAATACCAATTTTGATTGGG
otu_lco_157,Linyphiidae,TAGTTTATATTTGATTTTTGGGGCTTGAGCTGCAATAGTAGGGACTGCAATAAGAGTTTTGATTCGGGTAGAATTGGGTCAAACGGGAAGAATATTGGGAGATGATCATTTATATAATGTTATTGTAACAGCTCATGCTTTTATTATAATTTTTTTTATGGTTATACCTATTTTAATTGGT
otu_lco_1571,Linyphiidae,TACATTATATTTTATTTTTGGAGCTTGGGCTGCTATAGTTGGGACAGCAATAAGAGTATTAATTCGAATTGAATTAGGACAAACAGGAAGATTATTAGGGGATGATCAATTATATAATGTAATTGTTACTGCATATGCTTTTGTAATGATTTTTTTTATAGTTATACCAATTTTAATTGGT
otu_lco_160,Linyphiidae,GACATTATATTTTATTTTTGGAGCTTGGGCTGCTATAGTTGGGACAGCAATAAGAGTATTAATTCGAATTGAGTTAGGACAAACAGGAAGATTGTTAGGGGATGATCAATTGTATAATGTAATTGTTACTGCACATGCTTTTGTAATAATTTTTTTCATAGTTATACCAATCTTAATTGGT
otu_lco_168,Linyphiidae,AAGCTTATATTTTGTATTTGGAGCTTGATCTGCTATAGTGGGAACAGCTATAAGATTATTAATTCGAGTGGAATTGGGTCAAACTGGGAGTTTATTTGGGGATGATCAATTATATAATGTTATTGTTACTTCGCATGCTTTTGTCATAATTTTTTTTATGGTTATACCTATTTTAATTGGA
otu_lco_169,Linyphiidae,GACGTTATATTTTATTTTTGGTGCTTGAGCTGCTATAGTAGGGACAGCTATAAGAGTATTAATTCGAATCGAGTTAGGACAAACTGGAAGAATACTAGGAGATGATCAATTATATAATGTTATTGTTACTGCTCATGCTTTTGTAATAATTTTTTTTATAGTTATACCAATTTTAATTGGG
otu_lco_198,Linyphiidae,TACTTTATATTTTATTTTTGGAGGGTGGTCTGCTATAGTGGGGACAGCTATAAGTGTATTAATTCGAATTGAATTAGGGCAAACTGGAAGTTTTTTGGGTGATGATCAATTATATAATGTAATTGTTACAGCTCATGCATTTGTTATAATTTTTTTTATAGTTATACCAATTTTAATTGGT
otu_lco_212,Linyphiidae,AAGTTTATATTTTATTTTTGGGGCGTGATCTGCTATAGTAGGAACAGCTATAAGAGTATTAATTCGAATTGAGTTAGGGCAGGTAGGAAGTTTGTTAGGGGATGATCAACTTTATAATGTTATTGTTACTGCTCATGCGTTTATTATAATTTTTTTTATAGTTATACCTATTTTAATTGGG
otu_lco_223,Linyphiidae,TAGTTTATATTTTATATTTGGTATTTGATGTGGTATAGTAGGGACAGCAATAAGAATATTGATTCGGGTTGAATTAGGACAAGGAGGGTCATTTTTAGGTAGTGATCATTTATATAATGTTATTGTTACTGCTCATGCTTTTATTATAATTTTTTTTATAGTTATGCCTATTTTAATTGGG
otu_lco_23,Linyphiidae,CTCTCTGTATTTCATTTTTGGGGCTTGAGCTGCTATAGTAGGAACTGCGATAAGAGTATTAATTCGAATTGAATTAGGTCAAACAGGTAGAATGTTGGGGGATGACCAATTATATAATGTAATTGTTACGGCACACGCTTTTGTTATAATTTTTTTTATAGTTATACCAATTTTAATTGGT
otu_lco_359,Linyphiidae,AAGTTTATATTTTGTATTTGGAGCTTGATCTGCTATGGTAGGGACAGCTATAAGATTATTAATTCGAGTCGAATTAGGTCAAACTGGGAGTTTGTTAGGGGATGATCAATTATACAATGTTATTGTTACTTCACATGCTTTTGTTATAATTTTTTTTATAGTTATGCCTATTTTAATTGGA
otu_lco_363,Linyphiidae,AACATTATATTTTATTTTTGGGGCTTGAGCTGCTATAGTAGGTACTGCTATAAGAGTATTAATTCGAATTGAGTTAGGACAAACTGGAAGAATATTAGGAGATGATCAGTTGTACAATGTTATTGTTACCGCACACGCTTTTGTAATAATTTTTTTTATAGTAATACCTATTTTGATTGGG
otu_lco_379,Linyphiidae,GACGTTATATTTATTATTTGGGGCTTGATCAGCTATAGTAGGAACTGCCATAAGAGTAATAATTCGAATTGAATTAGGTCAATCAGGTAGATTTTTTGGGGATGATCAATTGTATAATGTGGTAGTTACAGCTCATGCTTTTGTAATAATTTTTTTTATAGTGATGCCAATTTTGATTGGA
otu_lco_415,Linyphiidae,TACTTTATATTTTATTTTTGGAGGGTGGTCTGCTATAGTGGGGACAGCTATAAGTGTGTTAATTCGAATTGAATTAGGTCAAATTGGAAGTTTTTTGGGTGATGATCAGTTATATAATGTAATTGTTACATCTCATGCATTTGTTATAATTTTTTTTATAGTTATACCAATTTTGATTGGT
otu_lco_46,Linyphiidae,TACATTATATTTTATTTTTGGAGGATGGTCTGCTATAGTGGGGACAGCTATAAGAGTATTAATTCGAATTGAATTAGGACAAGTTGGAAGTTTTTTAGGTGATGATCAATTATATAATGTTATTGTTACTGCTCATGCTTTTATTATAATTTTTTTTATAGTAATACCAATTTTAATTGGG
otu_lco_517,Linyphiidae,AAGTTTATATTTTATTTTTGGTGCATGATCTGCTATAGTAGGGACAGCAATAAGAGTATTAATTCGAATTGAGTTAGGGCAAGTAGGAAGATTGTTAGGAGATGATCAACTTTATAATGTTATTGTTACTGCTCATGCATTTATTATAATTTTTTTTATAGTTATGCCTATTTTAATTGGG
otu_lco_623,Linyphiidae,GACATTGTATTTTATTTTTGGGGCGTGAGCTGCTATGGTGGGGACAGCTATAAGAGTATTAATTCGGATTGAGTTGGGGCAATCTGGGAGATTGTTGGGGGATGATCAATTGTATAATGTTATTGTTACGGCGCATGCATTTGTGATAATTTTTTTTATAGTTATACCGGTATTAATTGGG
otu_lco_749,Linyphiidae,AAGTTTATATTTTGTATTTGGGGCTTGGTCCGCTATGGTAGGAACAGCTATAAGATTATTAATTCGAGTTGAATTAGGTCAGACTGGAAGTTTATTAGGAGATGATCAGTTATATAATGTTATTGTTACTTCACATGCTTTTGTCATAATTTTTTTTATAGTAATACCTATTTTAATTGGA
otu_lco_807,Linyphiidae,GACGTTATATTTTATTTTTGGTGCTTGGGCTGCTATAGTAGGGACAGCCATAAGAGTATTAATTCGAATCGAGTTAGGACAAACTGGAAGAATACTAGGAGATGATCAATTATATAATGTTATTGTTACTGCTCACGCTTTTGTAATAATTTTTTTTATAGTTATACCAATTTTAATTGGG
otu_lco_98,Linyphiidae,TACGTTATATTTTATTTTTGGGGCCTGAGCTGCCATGGTTGGGACAGCTATAAGCGTATTAATTCGAATTGAGTTAGGACAAACTGGGAGTATGCTGGGGGATGATCAATTATATAATGTTATTGTTACTGCACATGCTTTTGTTATAATTTTTTTTATAGTTATACCAATTTTAATTGGG
otu_lco_107,Lycosidae,AACTTTATATTTAATATTTGGTGTTTGATCTGCTATAATAGGAACAGCTATAAGAGTATTGATTCGTTTGGAGTTGGGTCATTCTGGAAGTCTTTTAGGAGATGATCATTTATATAATGTAATAGTTACTGCTCATGCTTTTGTTATAATTTTTTTTATAGTAATACCAATTATAATTGGT
otu_lco_245,Lycosidae,AACTTTATATTTAATGTTTGGTGTTTGATCCGCTATAGTTGGAACGGCTATAAGAGTATTGATTCGTTTAGAATTAGGACATTCTGGAAGTCTTTTAGGAGATGATCATTTATATAATGTAATGGTTACTGCTCATGCTTTTGTTATAATTTTTTTTATAGTGATACCAATTATAATTGGT
otu_lco_383,Lycosidae,TACTTTATATTTAATTTTTGGTGTATGGTCTGCTATAATTGGTACTGGTATAAGAGTATTGATTCGTATGGAATTAGGTCATTCTGGAAGTTTATTAGGAGATGATCATTTATATAATGTTATAGTTACTGCTCATGCTTTTGTTATGATTTTTTTTATAGTAATACCAATTTTAATTGGT
otu_lco_412,Lycosidae,GACTTTATATCTAATGTTTGGACTTTGATCGGCTATAGTTGGAACAGCTATAAGAGTATTAATTCGAATGGAATTAGGACATTCTGGGAGTCTTTTAGGAGATGATCATTTATATAATGTTGTAGTTACTGCGCATGCTTTTGTTATAATTTTTTTTATAGTAATACCAATTTTGATTGGT
otu_lco_716,Lycosidae,TACTTTATATTTAATTTTTGGTGTATGGTCTGCTATAATTGGTACTGGAATAAGAGTATTAATTCGAATAGAATTAGGTCATTCTGGAAGTTTATTAGGAGATGATCATTTATATAATGTTATAGTTACTGCTCATGCTTTTGTTATAATTTTTTTTATAGTTATACCAATTTTAATTGGA
otu_lco_205,Mimetidae,AACTTTGTATTTAGTATTTGGAGCGTGATCTGCTATGGTTGGGACAGCGATAAGAATATTAATTCGTTCTGAGTTAGGACAAGCTGGGAATTTTTTGGGTGATGATCAGTTATATAATGTTGTTGTAACTGCTCATGCTTTTGTTATGATTTTTTTTATGGTTATACCTATTTTGATTGGG
otu_lco_316,Mimetidae,AACTTTGTATTTGGTTTTTGGGGCTTGGTCTGCAATAGTGGGGACAGCAATGAGAATATTAATTCGAACTGAATTAGGGCAAGTTGGGGATTTTTTGGGTAATGATCAAGTTTATAATGTTATTGTTACTGCTCATGCTTTTGTTATAATTTTTTTTATGGTAATACCTATTTTAATTGGT
otu_lco_391,Mimetidae,AACTTTATATTTGTTATTTGGGGCGTGATCTGCTATAGTTGGTACGGCGATGAGAATGTTGATTCGTTCTGAATTAGGGCAAGCTGGAAATTTTTTAGGGGATGATCAGTTGTATAATGTTATTGTAACTGCTCATGCTTTTGTAATAATTTTTTTTATAGTTATACCTATTTTAATTGGG
otu_lco_1256,Mygalomorph,AACTTTGTATTTTGTTTTTGGAATTTGATCTGCTATATTAGGTACTGCTATGAGATTATTGATTCGTGTTGAGTTAAGTCAGATTGGTAGATTGTTAGGAGATGATCATTTGTATAATGTTGTGGTTACAGCCCATGCTTTAGTTATGATTTTTTTTATAGTTATACCTATTATAATTGGG
otu_lco_988,Mygalomorph,AACTTTATATTTTGTTTTTGGAATTTGATCAGCTATATTAGGTACTGCTATAAGATTGTTGATTCGTGTAGAATTGAGACAAGTTGGTAGATTGTTAGGTGATGATCATTTGTATAATGTTGTAGTCACTGCTCATGCTTTGGTTATAATTTTTTTTATAGTTATGCCTATTATGATTGGG
otu_lco_141,NA,AACTTTATATTTAGTTTTTGGGGTTTGATCGGCTATAGTTGGTACAGGTATGAGAGTTTTAATTCGAGTTGAGTTAGGACAATCTGGAAGATTATTGGGTGATGACCATTTATATAATGTAATTGTTACTGCTCATGCTTTTGTTATAATTTTTTTTATAGTAATACCAATTTTAATTGGA
otu_lco_228,NA,AACTTTATATTTAATGTTTGGTGTATGGTCCGCTATAGTAGGAACAGCTATAAGAGTATTAATTCGAATAGAATTAGGGAATTCTGGAAGATTATTAGGTGATGATCATTTATATAATGTAATTGTTACTGCACATGCATTTGTAATAATTTTTTTTATAGTAATACCTATTTTAATTGGA
otu_lco_501,NA,TACTCTATATTTAATATTTGGAGTTTGATCTGCTATATTAGGAACAGCTATAAGAATATTAATTCGTATGGAATTGGGACAAACTGGAAGTTTGTTAGGAGATGATCAGTTATATAATGTAATTGTAACTGGTCATGCATTTATTATAATTTTTTTTATAGTTATACCAATTTTAATTGGT
otu_lco_1312,NA,AAGATTATATTTATTATTTGGTTCTTGAGCTGCTATGGTTGGTACAGCTATAAGAGTTTTAATTCGTATAGAATTAGGACAATCAGGTAGATTGTTAGGTGATGATCATTTATATAATGTTATTGTTACAGCTCATGCTTTTGTTATAATTTTTTTTATAGTAATACCAATTATAATTGGT
otu_lco_110,NA,GACTTTATATTTAATATTTGGGTCATGATCAGCTATAGTTGGTACTGGAATAAGAATTTTAATTCGAATAGAATTAGGGCAACCTGGTAGATTTTTAGGTGATGATCAGTTGTATAATGTTATTGTTACGGCTCATGCTTTTGTGATAATTTTTTTTATAGTAATGCCAATTTTAATTGGA
otu_lco_1204,Oonopidae,AACTTTGTATTTTATTTTTGGGTCTTGGGCTGCTATAATAGGCACTTCTATAAGTGTGATTATTCGAGTGGAATTGGGGCAGGTGGGTAGTCTTTTGGGGCATGATCATTTGTATAATGTAATTGTTACGGCTCATGCTTTAGTGATGATCTTTTTTATAGTGATGCCCGTGTTGATTGGC
otu_lco_43,Oonopidae,AACATTGTACTTGGTTTTTGGGGGATGAGCTGCTATAATAGGAACGGCTTTGAGAATATTAATTCGGGTTGAGTTAGGGCAGGTTGGTAGATTGTTGGGGGATGACCATTTGTATAATGTAGTAGTTACGGCTCATGCGTTAGTTATAATTTTTTTTATAGTGATACCTGTACTTATTGGA
otu_lco_1373,Oonopidae,GACTTTGTATTTGATTTTGGGAGGGTGAGCTGCTATGATAGGAACGGCTCTGAGAGTAGTTATTCGTATTGAGTTGGGCCAAGTGGGGAGTTTGTTGGGTGATGATCACTTGTATAATGTTGTTGTTACTGCCCATGCTTTGGTAATGATTTTTTTTATAGTTATGCCGGTTATGATTGGG
otu_lco_1391,Oonopidae,GACTTTGTATTTGGTTTTTGGGGGTTGGGCAGCTATGTTTGGGACTGCACTAAGAGTTTTGATTCGGGTAGAGTTGGGGCAGGTTGGTAGATTATTGGGGGATGACCATTTGTACAATGTTGTGGTTACGGCTCATGCGTTGGTAATAATTTTTTTTATAGTAATGCCAGTGTTGATTGGG
otu_lco_1458,Oonopidae,AACGCTGTATTTAATTTTTGGGGCGTGGGCTGCTATAATGGGGACGGCTTTGAGTGTTTTGATTCGGGTGGAGCTGGGGCAGGTGGGGAGATTGTTGGGGGATGATCATTTGTACAATGTGATTGTGACAGCACATGCTTTGGTTATAATTTTTTTTATGGTGATGCCAGTGATGATTGGG
otu_lco_191,Oonopidae,TACATTGTATTTAATTTTTGGAGGTTGGGCTGCTATGTTAGGGACAGCTTTAAGTGTTATGATTCGAATTGAATTAGCTCAAGTTGGGAGTTTACTTGGAGATGATCATTTATATAATGTTATTGTGACTGCTCATGCTTTAGTGATGATTTTTTTTATAGTTATACCTGTATTAATTGGG
otu_lco_252,Oonopidae,TACGTTGTATTTGATTTTTGGGAGTTGAGCTGCGATAATGGGGACTGCTTTAAGTGTTTTGATTCGGGTGGAATTGGGTCAGGTTGGAAGTTTATTAGGTGATGATCATTTATATAATGTAGTGGTAACAGCTCATGCTTTAGTAATAATCTTTTTTATGGTTATGCCGGTGTTAATTGGT
otu_lco_275,Oonopidae,TACTCTTTATTTAATGTTTGGAGCATGATCAGCTATGGTAGGAACAGCTTTAAGAGTATTAATTCGAATTGAATTAGGGCAGGTTGGGAGCTTATTAGGAGATGATCATTTATATAATGTAATTGTTACGGCACATGCTTTAGTAATGATTTTTTTTATAGTGATACCGGTGTTAATTGGG
otu_lco_298,Oonopidae,TACTCTTTATTTAATATTTGGAGCATGATCAGCTATAGTAGGGACGGCTTTAAGAGTATTGATTCGAATTGAGTTAGGGCAAGTCGGAAGATTGTTAGGGGATGATCATTTGTATAATGTTATTGTAACGGCTCATGCTTTAGTGATAATTTTTTTTATGGTAATACCAGTGCTGATTGGA
otu_lco_378,Oonopidae,GACGTTGTATTTGATTTTTGGGGGGTGAGCGGCCATGTTGGGGACAGCGTTAAGTGTTATTATTCGAATTGAGTTGGGTCAGGTGGGAAGTTTGTTGGGGGATGATCATCTGTATAATGTTATTGTAACGGCACATGCGTTAGTGATGATTTTTTTTATAGTGATGCCGGTGTTGATTGGG
otu_lco_681,Oonopidae,GACATTATATTTAATTTTTGGGAGATGAGCTGCTATATTGGGGACAGCATTAAGTGTAATTATTCGTATTGAATTGGGACAAGTTGGTAGATTGCTGGGAGATGATCATTTGTATAATGTTGTTGTAACGGCACATGCTTTGGTTATGATTTTTTTTATGGTAATACCGGTATTAATTGGG
otu_lco_119,Oxyopidae,AACATTATATTTAATATTTGGTGTTTGATCAGCTATAGTAGGAACTGCAATAAGAGTATTGATTCGAATAGAGTTAGGACATTCTGGTGGAGTTTTAGGGGATGACCATTTATATAATGTAATAGTAACAGCGCATGCTTTTGTTATAATTTTTTTTATAGTAATACCAATCCTTATTGGA
otu_lco_1207,Oxyopidae,GACGTTATATTTAATATTTGGAGTTTGATCTGCTATAGTAGGTACTGCTATAAGTGTTTTGATTCGAATAGAATTAGGTCATTCTGGAAGTTTATTAGGTGATGATCATTTATATAATGTAATTGTTACGGCTCATGCTTTTGTTATAATTTTTTTTATAGTTATACCAATTTTAATTGGG
otu_lco_16,Oxyopidae,AACTTTATATTTAATGTTTGGAGTTTGATCGGCTATAGTAGGAACAGCAATAAGAGTATTAATTCGAATAGAATTAGGACATTCAGGAAGAATATTAGGAGATGATCACTTATATAATGTAATTGTTACTGCTCATGCTTTTGTTATAATTTTTTTTATAGTTATACCAATTTTAATTGGT
otu_lco_1167,Pholcidae,AAGAATATATTTTATTTTTGGAGCGTGATCTGCTATGCTTGGCTTATCAATAAGATGAATTATTCGGTTGGAACTAGGAGTAGTGGGAAAATATTTAGGTAATGATCATGTGTATAATGTTATAGTGACTTCTCATGCTTTGGTTATGATTTTTTTTATGGTAATACCTATTATAATTGGA
otu_lco_6,Pholcidae,TACTTTATACTTTTTGTTTGGTGCTTGATCTGGAATAATGGGTATGGCTTTATCTGTGTTGATTCGTGTTGAATTAGGACAGATTGGGGGATTTTTAGGAGATGATCATCTTTATAATGTTGTGGTTACTTCTCATGCTTTGATTATGATTTTTTTTATAGTTATACCAATTTTAATTGGT
otu_lco_1417,Pholcidae,AACTATGTATTTTTTATTTGGTGCTTGGTCAGCTATAGTGGGTACTGCTCTTAGTGTTATTATTCGTATTGAACTAGGACAAGGGGGAAGATTTTTAGGAGATGATCATTTATATAATGTTGTAGTGACTGCTCATGCTTTAGTTATGATTTTTTTTATGGTTATACCTATTTTAATTGGG
otu_lco_1432,Pholcidae,GACTATATATTTTATATTTGGGGGCTGAGCTGCCATGGTGGGAACTGCTTTAAGAGTTATTATTCGTGTTGAGTTAGGTCAAAGAGGTAGATTTTTAGGTGATGATCATTTATATAATGTTATTGTTACTGCGCATGCGTTGGTTATGATTTTTTTTATAGTTATACCTATCTTAATCGGG
otu_lco_202,Pholcidae,TTCTATATATTTTTTATTTGGGGGCTGATCTGCTATAGTAGGAACTGCTTTAAGAGTAATTATTCGGGTTGAATTAGGTCAAGGTGGAAGATTTTTGGGGGATGACCATTTATATAATGTGGTAGTTACAGCACATGCTTTAATTATAATTTTTTTTATAGTAATACCTATTTTAATTGGG
otu_lco_92,Pisauridae,AACTTTATATTTAATATTTGGAGTATGATCTGCTATAGCAGGAACAGCTATAAGAGTATTAATTCGTATAGAATTAGGAAATTCTGGCAGACTTTTAGGTGATGATCATTTATATAATGTAATAGTTACTGCTCATGCTTTTGTGATGATTTTTTTTATAGTAATACCAATTCTAATTGGA
otu_lco_1392,Pisauridae,TTCGTTGTATTTTATTTTTGGAGCTTGAGCCGCAATAGTGGGAACGGCAATAAGAGTATTAATTCGGGTTGAATTAGGTCAATCGGGGAGTTTGTTGGGGGATGATCATTTATATAATGTTATTGTTACTGCTCATGCTTTTATTATAATTTTTTTTATGGTTATGCCAATTATAATTGGA
otu_lco_154,Pisauridae,AACTTTATATTTAATATTTGGACTTTGATCTGCAATAGCAGGAACAGCTATAAGAGTTTTGATTCGTATAGAATTAGGCCATTCTGGAAGTTTATTAGGAGATGATCATTTATACAATGTAATTGTTACTGCTCATGCTTTTGTTATAATTTTTTTTATAGTAATACCAATTTTAATTGGT
otu_lco_201,Pisauridae,AACTTTATATTTAATATTTGGAGTTTGGTCTGCTTTAGCAGGAACGGCTATAAGAGTGTTGATTCGTATGGAGTTAGGTCATCCTGGTAGTTTATTAGGTGATGATCATTTGTATAATGTAATTGTTACTGCACATGCTTTTGTTATGATTTTTTTTATAGTAATACCTATCATAATTGGT
otu_lco_1213,Psechridae,TACTTTATATTTAATATTTGGAATTTGATCTGCTATAGTTGGTACTGCTATAAGAGTTTTAATTCGTATGGAATTGGGGAATTCTGGAAGATTATTAGGTGATGATCATCTATATAATGTGATTGTTACTGCTCATGCTTTTGTAATGATTTTTTTTATAGTAATACCTATTTTAATTGGG
otu_lco_1208,Psechridae,TACTTTGTATTTAATTTTTGGTGCTTGATCAGCTATAGTTGGTACAGCTATAAGAGTATTAATTCGAATAGAATTAGGGAATCCTGGAAGATTTATAGGGGATGATCATTTATATAATGTTATTGTTACTGCACATGCTTTTGTAATAATTTTTTTTATAGTAATACCTATTATAATTGGA
otu_lco_1221,Psechridae,TACTTTATATTTAATATTTGGAATTTGATCTGCAATAGTTGGTACTGCTATAAGAGTTTTAATTCGTATAGAATTAGGTCATTCTGGAAGATTATTAGGTGATGATCATTTATATAATGTTATTGTTACTGCTCATGCTTTTGTAATAATTTTTTTTATAGTAATACCTATTTTGATTGGG
otu_lco_1277,Psechridae,GACTTTATATTTAATATTTGGGATTTGATCTGCTATGGTTGGTACTGCTATAAGAGTTTTAATTCGTATGGAGTTAGGACATTCTGGGAGATTATTAGGTGATGATCATTTATATAATGTAATTGTTACTGCTCATGCTTTTGTAATGATTTTTTTTATAGTTATACCTATTTTAATTGGG
otu_lco_1325,Psechridae,TACTTTATATTTGATATTTGGAATTTGATCTGCTATAGTTGGTACTGCTATAAGAGTTTTAATTCGTATGGAGTTGGGTCATTCTGGAAGATTATTAGGTGATGATCATTTATATAATGTGATTGTTACTGCTCATGCTTTTGTAATAATTTTTTTTATAGTTATACCTATTTTAATTGGA
otu_lco_1396,Psechridae,AACTTTATATTTAATTTTTGGTGCTTGATCAGCTATAGTTGGAACAGCTATAAGAGTATTAATTCGTATAGAATTAGGAAATCCTGGAAGATTTATAGGGGATGATCATTTATATAATGTTATTGTTACTGCACATGCTTTTGTAATAATTTTTTTTATAGTAATACCTATTATAATTGGT
otu_lco_1434,Psechridae,GACTTTATATTTAATGTTTGGGATTTGATCGGCTATGGTTGGTACTGCTATGAGAGTTTTAATTCGTATGGAGTTAGGACATTCTGGGAGATTGTTAGGTGATGATCATTTATATAATGTAATTGTTACTGCTCATGCTTTTGTAATGATTTTTTTTATAGTTATACCTATTTTAATTGGG
otu_lco_820,Psechridae,TACTTTATATTTAATTTTTGGTGCTTGATCAGCTATAGTTGGTACGGCTATAAGAGTATTAATTCGAATAGAATTAGGAAATCCTGGGAGATTAATAGGGGATGATCATTTATATAATGTTATTGTTACTGCACATGCTTTTGTAATAATTTTTTTTATAGTAATACCTATTATAATTGGA
otu_lco_18,Psechridae,TACTTTATATTTAATATTTGGAATTTGATCTGCTATGGTTGGTACTGCTATAAGAGTTTTAATTCGTATAGAATTAGGGCATTCTGGAAGATTATTAGGTGATGATCATTTGTATAATGTGATTGTTACTGCTCATGCTTTTGTGATGATTTTTTTTATAGTAATACCTATTTTGATTGGG
otu_lco_45,Psechridae,AACTTTATATTTAATTTTTGGTGCTTGATCGGCTATAGTTGGTACAGCTATAAGAGTATTAATTCGAATAGAATTAGGAAATCCTGGGAGATTTATAGGGGATGATCATTTATATAATGTTATTGTTACTGCACATGCTTTTGTAATAATTTTTTTTATAGTAATACCTATTATAATTGGA
otu_lco_105,Salticidae,AACTTTATATTTAATTTTTGGAGCTTGGGCTGCTATAGCAGGAACTGCTATAAGAGTTTTAATTCGAATGGAATTAGGTCAAACTGGAAATTTTTTAGGGAATGATCATATATATAATGTAATTGTAACTGCTCATGCTTTTGTAATAATTTTTTTTATAGTTATACCAATTATAATTGGT
otu_lco_114,Salticidae,AACTTTATATTTTGTTTTTGGAGCTTGATCTGCTATAGTAGGAACAGCTATGAGAGTATTGATTCGAATAGAGTTAGGACAATCAGGAGATTTTTTAGGAAATGATCATTTATATAATGTTATTGTAACTGCTCATGCTTTTGTAATAATTTTTTTTATGGTTATGCCTATTTTAATTGGA
otu_lco_1226,Salticidae,AACTTTATATTTAATTTTTGGAGCTTGATCGGCTATAGTAGGAACAGCAATAAGAGTATTAATTCGAATGGAATTAGGTCAGACAGGTAGATTTTTAGGAAATGAACAGTTATACAATGTAATTGTAACTGCTCATGCTTTTGTTATAATTTTTTTTATAGTGATACCTATTTTAATTGGA
otu_lco_1246,Salticidae,AACTTTGTATTTAATTTTTGGTGCTTGATCTGCTATGGTAGGTACTGCAATAAGAGTTTTAATTCGGATGGAATTAGGACAGACAGGTAATTTTATAGGTAATGATCATATATATAATGTGATTGTAACTGCACATGCTTTTGTAATAATTTTTTTTATAGTAATACCTATTATGATTGGT
otu_lco_1343,Salticidae,AACTTTATATTTAATTTTTGGAGCTTGATCTGCTATAGTAGGAACTGCTATAAGAGTATTGATTCGAATAGAATTAGGACAAACTGGTAATTTTTTAGGAAATGATCATTTATATAATGTAATTGTTACTGCTCATGCTTTTGTTATAATTTTTTTTATAGTAATACCTATTATAATTGGA
otu_lco_1420,Salticidae,AACTTTATATTTAATTTTTGGGGCATGATCTGCTATGGTAGGTACTGCAATGAGAGTTTTGATTCGAATAGAATTAGGACAGACAGGAAGATTTTTAGGAAATGATCATATATATAATGTTATTGTTACGGCACATGCTTTTGTAATAATCTTTTTTATAGTTATACCTATTTTAATTGGT
otu_lco_1533,Salticidae,AACTTTGTATTTAATTTTTGGAGCATGAGCTGCTATAGTTGGAACTTCTATAAGAGTATTAATTCGAATGGAATTAGGACAAACAGGAAGATTTTTAGGAAATGAACATTTGTATAATGTAATTGTTACTGCTCATGCATTTGTTATAATTTTTTTTATAGTAATACTTATTTTGATTGGA
otu_lco_1549,Salticidae,AACTTTATATTTAATTTTTGGAGCGTGAGCTGCTATGGTTGGAACTGCTATGAGAGTATTAATTCGAATGGAATTAGGACAAACGGGAAGATTTTTGGGAAATGAACATTTATATAATGTAATTGTTACTGCTCATGCATTTGTTATAATTTTTTTTATAGTAATACCTATTTTGATTGGA
otu_lco_1565,Salticidae,AACTTTATATTTGATTTTTGGAACATGGTCAGCTATAGTTGGGACAGCAATAAGAGTATTAATTCGAATAGAATTAGGTCAGAGTGGTCATTTCATTGGGAATGATCACTTGTATAATGTAATTGTTACGGCTCATGCATTTGTTATGATTTTTTTTATGGTTATACCTATTATAATTGGA
otu_lco_1597,Salticidae,AACTTTATATTTAATTTTTGGGGCATGATCTGCTATAGTTGGTACTGCAATGAGAGTATTAATTCGAATGGAATTGGGACAAACAGGTAGTTTTTTAGGTAATGATCATATGTATAATGTAATTGTAACAGCACATGCTTTTGTTATAATTTTTTTTATAGTAATGCCTATTTTAATTGGA
otu_lco_170,Salticidae,AACTTTATATTTAATTTTTGGAGCATGATCTGCTATAGTTGGTACTGCAATAAGAGTATTAATTCGAATGGAATTAGGACAAACAGGTAGTTTTTTAGGTAATGATCATATATATAATGTAATTGTAACAGCACATGCTTTTGTTATAATTTTTTTTATAGTAATACCTATTTTAATTGGG
otu_lco_180,Salticidae,AACTTTATATTTAATTTTTGGAGCTTGATCAGCTATAGTAGGAACAGCTATAAGAGTATTGATTCGTATAGAGTTAGGACAATCTGGAGATTTTTTAGGTAATGATCATTTATATAATGTCATTGTTACAGCTCATGCTTTTGTTATAATTTTTTTTATAGTAATACCGATTTTAATTGGA
otu_lco_193,Salticidae,AACTTTATATTTAATTTTTGGAGCATGAGCTGCTATAGTTGGAACTGCTATAAGTGTATTAATTCGTATGGAATTAGGACAAACAGGTGATTTTTTAGGTAATGACCATTTATATAATGTTATTGTAACTGCACATGCATTTGTTATAATTTTTTTTATAGTAATACCTATTTTAATTGGA
otu_lco_195,Salticidae,AACTTTATATTTTATTTTTGGAGCTTGATCTGCTATAGTGGGTACGGCAATAAGTGTTTTAATTCGGATAGAATTAGGACAAACAGGTCATTTATTAGGTAATGATCATTTGTATAATGTTATTGTTACTGCTCATGCTTTTATTATAATTTTTTTTATAGTAATACCTATTTTAATTGGA
otu_lco_215,Salticidae,AACTTTATATTTAATTTTTGGTGCATGGTCTGCTATAGTTGGAACAGCTATAAGAATACTAATTCGAATGGAATTAGGTCAGTCTGGAAGATTTTTGGGAAGAGATCATTTATATAATGTAATTGTAACAGCTCATGCATTTATTATAATTTTTTTTATAGTAATACCAATTTTAATTGGT
otu_lco_253,Salticidae,TACTTTGTATTTTGTTTTTGGATCTTGATCTGCTATGGTTGGTACGGCTATAAGTGTTTTAATCCGGATGGAATTAGGACAAACAGGTAATTTATTAGGTAATGAACATTTATATAATGTTATTGTTACGGCTCATGCTTTTATTATGATTTTTTTTATAGTTATACCTATTTTGATTGGG
otu_lco_328,Salticidae,AACTTTATATTTTGTTTTTGGAGCTTGATCAGCTATAGTGGGGACAAGTATAAGTATTTTAATTCGTATAGAATTAGGTCAAACTGGAAATTTATTAGGTAATGATCATTTATATAATGTTATTGTTACAGCTCACGCATTTATTATAATTTTTTTTATGGTTATACCTATTTTAATTGGG
otu_lco_351,Salticidae,AACTTTATATTTGATTTTTGGAATTTGATCTGCTATAGTGGGAACTGGAATAAGAATATTAATTCGAATGGAATTAGGCCAATCTGGTAGATTTTTTGGAAGAGATCATTTATATAATGTAATTGTAACAGCTCATGCCTTTATTATAATTTTTTTTATAGTTATACCTATTTTGATTGGA
otu_lco_361,Salticidae,AACTTTATATTTGATTTTTGGAGCTTGATCTGCTATAGCAGGTACAGCTATGAGAGTATTGATTCGTATAGAATTAGGTCAATCTGGAGATTTTTTAGGAAATGATCATTTATATAATGTTATTGTGACTGCTCATGCTTTTGTTATAATTTTTTTTATAGTCATACCTATCATAATTGGA
otu_lco_456,Salticidae,TACTTTATATTTAATTTTTGGAGCTTGGTCTGCTATAGCTGGAACAGCTATAAGAGTATTAATTCGAATAGAGTTAGGTCAAACGGGAAATTTTATTGGTAACGATCATTTATATAATGTTATTGTTACAGCTCATGCTTTTGTTATAATTTTTTTTATAGTTATACCTATTATGATTGGG
otu_lco_22,Scytodidae,AAGTCTTTATTTATTATTTGGAGGATGAGCTGTTATAATAGGTACTGCAATAAGAGTTATTATTCGTGTTGAATTAGGATCTACTGGGAGATTATTAGGGGATGATCATTTATATAATGTTATTGTTACTGCTCACGCTTTAGTAATGATTTTTTTTATAGTTATACCTGTGTTGATTGGG
otu_lco_106,Sparassidae,TACTTTGTATTTAATTTTTGGGGTTTGATCTGCTATGGTTGGAATAGCTATAAGTGTTTTAATTCGTTTTGAATTAGGACAATGTGGTAGATTAATTGGTGATGATCATTTATATAATGTTGTAGTGACTGCACATGCTTTTGTTATGATTTTTTTCATAGTTATACCAATTTTAATTGGT
otu_lco_1215,Sparassidae,TACTTTGTATTTGATTTTTGGGGTATGATCAGCTATAGTTGGAACAGCGATAAGAGTTTTAATTCGTGCTGAATTAGGACAATGTGGGAGTTTATTAGGAGATGATCAGTTGTATAATGTAATTGTTACTGCACATGCGTTTGTGATGATTTTTTTTATAGTGATACCAATTTTGATTGGA
otu_lco_1232,Sparassidae,TACTTTGTATTTAATTTTTGGTGTTTGATCTGCTATAGTTGGAATAGCTATAAGTGTTTTGATTCGTTTTGAATTAGGACAATGTGGTAGATTGATTGGAGATGATCATTTATATAATGTTGTAGTAACTGCTCATGCTTTTGTGATAATTTTTTTTATAGTAATACCAATTTTAATTGGT
otu_lco_1244,Sparassidae,TACTTTGTATTTGATTTTTGGGGTATGATCGGCTATAGTTGGGACTGCAATAAGAGTTTTGATTCGTGCTGAGTTAGGACAATGTGGAAGTTTATTAGGAGATGATCAATTATATAATGTTATTGTTACTGCTCATGCATTTGTGATAATTTTTTTTATAGTTATACCAATTTTAATTGGA
otu_lco_1247,Sparassidae,TACTTTATATTTAATTTTTGGTGTTTGATCGGCTATAGCCGGTACAGCTATAAGAGTTTTGATTCGTTCTGAATTAGGACAATGTGGTAGATTGTTAGGGGATGATCATTTGTATAATGTAGTAGTGACTGCGCATGCTTTTGTTATAATTTTTTTTATAGTAATACCTATTATAATTGGT
otu_lco_1285,Sparassidae,GACTTTATATTTAATTTTTGGAGTATGGGCTGCTATAGTAGGTACAGCAATGAGAATCCTAATTCGAGCTGAATTAGGACAATGTGGGAGATTATTAGGAGATGATCATTTGTATAATGTGATTGTAACTGCTCATGCATTTGTGATAATTTTTTTTATAGTTATGCCGATTATAATCGGA
otu_lco_1324,Sparassidae,AACTTTGTATTTAATTTTTGGGGTATGGTCGGCTATAGTAGGAACTGCTATAAGAGTTTTAATTCGTGCTGAATTAGGACAATGTGGAAGTTTATTAGGAGATGATCAATTGTATAATGTAATTGTTACGGCTCATGCGTTTGTGATAATTTTTTTTATGGTTATACCAATTTTAATTGGT
otu_lco_1351,Sparassidae,GACTTTATATTTGGTTTTTGGGGTGTGGTCAGCAATAGTGGGAACTGCGATAAGAGTATTAATTCGTTCTGAATTAGGTCGATGTGGTAGTTTATTAGGAGATGATCAATTGTATAATGTAATTGTTACAGCTCATGCTTTTGTTATGATTTTTTTTATGGTTATGCCAATTTTAATTGGG
otu_lco_1394,Sparassidae,TACTTTGTATTTGATTTTTGGGGTATGGTCAGCTATAGTTGGAACTGCAATAAGAGTTTTAATTCGTGCTGAGTTAGGGCAATGTGGAAGTTTATTAGGAGATGATCAATTGTATAATGTTATTGTTACTGCTCATGCATTTGTAATAATTTTTTTTATAGTTATACCAATTTTAATTGGG
otu_lco_1407,Sparassidae,TACTTTGTATTTGGTTTTTGGGGTATGATCAGCTATAGTTGGAACTGCAATGAGAGTTTTGATTCGTGCTGAGTTGGGACAATGTGGAAGTTTGTTAGGAGATGATCAGTTGTATAATGTTATTGTTACTGCCCATGCGTTTGTGATGATTTTTTTTATAGTAATACCAATTTTAATTGGA
otu_lco_1408,Sparassidae,TACTTTGTATATGGTTTTTGAGGTAGGATCAGCTATAGTGGGAACTGCTATAAGAGTTTTGATTCGTGCTGAGTTAGGGCAATGTGGAAGTTTATTAGGAGATGATCAATTGTATAATGTAATTGTTACTGCTCGTGCGTTTGTGATAATTTTTTTTATAGTTATACCAATTTTAATCGGA
otu_lco_1416,Sparassidae,TACTTTGTATTTGGTTTTTGGGGTATGATCAGCTATAGTTGGAACTGCAATAAGAGTTTTGATTCGTGCTGAGTTAGGGCAATGTGGAAGTTTGTTAGGGGATGATCAGTTATATAATGTTATTGTTACTGCTCATGCATTTGTTATAATTTTTTTTATAGTTATACCAATTTTAATTGGG
otu_lco_1418,Sparassidae,AACTTTGTACTTGGTTTTTGGTGTTTGAGCGGCTATAGTTGGAACTGCTATAAGAGTGTTGATTCGTGCTGAATTAGGTCAATGTGGAAGTCTTTTGGGTGATGATCAATTGTATAATGTAATTGTAACTGCTCATGCTTTTGTAATGATTTTTTTTATAGTTATACCGATTATAATTGGT
otu_lco_1422,Sparassidae,TACTTTATATTTGATTTTTGGGGTGTGATCGGCTATAGTTGGGACTGCAATAAGAGTTTTGATTCGTGCTGAATTAGGGCAGTGTGGAAGTTTATTGGGGGATGATCAATTGTATAATGTTATTGTTACTGCTCATGCGTTTGTGATAATTTTTTTTATAGTAATGCCAATTTTAATTGGG
otu_lco_1424,Sparassidae,GACTTTATATTTAGTTTTTGGTGTGTGATCTGCAATAGTGGGAACTGCAATAAGAGTATTGATTCGTGCTGAATTAGGACAATGTGGTAGATTAATTGGAGATGATCAGTTATATAATGTGATTGTTACTGCTCATGCTTTTGTTATAATTTTTTTTATAGTTATACCAATTTTGATTGGA
otu_lco_1430,Sparassidae,TACTTTGTATTTGGTTTTTGGGGTACGATCAGCCATAGTGGGAACTGCTATAAGAGTTTTGATTCGTGCTGAGTTAGGGCAATGTGGAAGTTTATTAGGAGATGATCAATTGTATAATGTAATTGTTACTGCTCATGCATTTGTGATAATTTTTTTTATAGTTATACCAATTTTAATCGGA
otu_lco_1461,Sparassidae,TACTTTGTATTTGGTTTTTGGTGTTTGGGCGGCTATAGTTGGAACTGCAATAAGAGTGTTGATTCGTGCTGAATTAGGTCAATGTGGGAGTTTATTAGGAGATGATCAATTATATAATGTAATTGTAACTGCTCATGCTTTTGTTATGATTTTTTTTATGGTTATACCAATTATAATTGGA
otu_lco_1465,Sparassidae,GACTTTATATTTGATTTTTGGGGTATGGGCAGCTATAGTTGGGACTGCTATAAGAGTTTTAATTCGTGCTGAGTTGGGACAGTGTGGGAGTTTATTAGGAGATGATCAATTGTATAATGTTATTGTTACTGCTCATGCGTTTGTGATGATTTTTTTTATAGTTATGCCTATTTTAATTGGG
otu_lco_1498,Sparassidae,GACTTTGTATTTAGTTTTTGGTGTTTGAGCGGCTATAGTTGGAACTGCTATAAGAGTATTGATTCGTGCTGAATTAGGTCAATGTGGAAGTTTATTAGGTGATGATCAGTTATATAATGTGATTGTAACTGCTCATGCTTTTGTTATAATTTTTTTTATAGTCATACCAATTTTAATTGGA
otu_lco_1603,Sparassidae,TACTTTATATTTGGTTTTTGGTGTTTGGGCGGCTATAGTTGGAACTGCTATAAGAGTATTGATTCGTGCTGAATTAGGTCAGTGTGGAAGTTTATTAGGTGATGATCAATTGTATAATGTAATTGTAACTGCTCATGCTTTTGTTATAATTTTTTTTATAGTTATACCAATTTTAATTGGT
otu_lco_181,Sparassidae,TACTTTGTATTTGATTTTTGGGGTATGAGCGGCTATAGTTGGGACTGCTATAAGAGTTTTAATTCGTGCTGAATTAGGACAATGTGGGAGTTTATTAGGAGATGATCAATTATATAATGTGATTGTTACTGCTCATGCGTTTGTAATGATTTTTTTTATAGTGATGCCAATTTTGATTGGA
otu_lco_196,Sparassidae,GACTTTATATTTAGTTTTTGGTGTATGATCTGCAATAGTGGGAACTGCAATAAGAGTATTGATTCGTGCTGAATTAGGGCAATGTGGTAGATTAATTGGGGATGATCAATTATATAATGTGATTGTTACTGCTCATGCTTTTGTTATAATTTTTTTTATAGTTATACCAATTTTGATTGGC
otu_lco_10,Tetragnathidae,TACTTTGTATTTTATTTTTGGGGCTTGAGCTTCTATAGTTGGAACTGCAATAAGAGTTTTAATTCGTATTGAGTTAGGCCAACCTGGGAGATTTTTAGGGGATGACCAGCTTTATAATGTTGTTGTTACAGCTCATGCTTTTGTTATAATTTTTTTTATAGTTATGCCTATTTTAATCGGG
otu_lco_2,Tetragnathidae,TACTTTGTATTTTATTTTTGGGGCTTGGGCTTCTATAGTAGGGACTGCAATAAGAGTCTTAATTCGAGTTGAATTAGGTCAACCTGGGAGATTTTTAGGGGATGATCAGCTTTATAATGTTATTGTGACTGCGCATGCTTTTGTTATAATTTTTTTTATAGTTATGCCGATTTTAATTGGG
otu_lco_1104,Tetragnathidae,TACTTTATATTTTATTTTTGGTGCTTGAGCTTCTATAGTAGGTACAGCAATAAGTGTTTTGATTCGAATTGAGCTGGGTCAGCCTGGTAGATTTTTAGGTGATGATCAGTTATATAATGTGATTGTTACAGCTCATGCTTTTGTTATGATTTTTTTTATAGTTATACCTATTTTAATTGGG
otu_lco_1176,Tetragnathidae,AACTTTGTATTTTATTTTTGGAGCTTGAGCTTCTATAGTTGGAACTGCTATAAGAGTTTTAATTCGAATTGAATTAGGTCAACCTGGGAGTTTTTTAGGAAATGATCATATGTATAATGTGATTGTAACTGCTCATGCTTTTATTATAATTTTTTTTATAGTAATACCTATTTTGATTGGA
otu_lco_230,Tetragnathidae,AACTTTGTATTTTATTTTTGGGGCTTGAGCTTCTATAGTTGGTACAGCTATAAGAGTTTTGATTCGAATTGAATTGGGTCAACCTGGTAGTTTTTTAGGTAATGACCAGTTATATAATGTAATTGTTACAGCTCATGCTTTTATTATGATTTTTTTTATAGTAATACCTATTTTAATTGGT
otu_lco_1257,Tetragnathidae,AACTTTGTATTTTATTTTTGGTGCTTGGTCTTCAATAATTGGGACTTCAATAAGAGTTTTGATCCGGGTTGAATTAGGTCAGCCTGGTAGTTTTTTAGGGGATGATCATTTATATAATGTGATTGTTACTGCTCATGCTTTTGTTATAATTTTTTTTATAGTTATACCTATTTTAATTGGG
otu_lco_137,Tetragnathidae,AACAATATATTTGATTTTAGGAGGGTGAGCTTCTATAGTGGGAACTGCAATAAGAGTTTTAATCCGTATTGAGTTAGGTCAACCTGGAAGTTTATTAGGGGATGATCATTTATATAATGTTATTGTAACTGCTCATGCTTTTGTTATAATTTTTTTTATGGTAATACCTATTTTAATTGGA
otu_lco_73,Tetragnathidae,GACTTTGTATTTCATTTTTGGGGCTTGGGCTTCTATAGTAGGGACTGCAATAAGAGTTTTAATTCGAATTGAATTAGGTCAACCTGGAAGATTTTTAGGGGATGATCAGCTTTATAATGTTATTGTTACAGCACATGCATTTGTTATGATTTTTTTTATGGTTATACCTATTTTAATTGGG
otu_lco_262,Tetragnathidae,GACTTTATATTTTATTTTTGGTGCTTGGGCCTCAATAGTTGGGACTGCAATAAGAGTTTTAATTCGTATTGAGTTAGGACAACCTGGAAGTTTTATGGGTGATGATCAGCTTTATAATGTTGTAGTGACTGCTCATGCTTTTGTTATAATTTTTTTTATGGTAATACCAATTTTGATTGGT
otu_lco_1309,Tetragnathidae,TACTTTATATTTTATTTTTGGGGCTTGAGCTTCTATAGTTGGTACGGCAATAAGAGTTTTAATTCGTATTGAATTAGGGCAGCCTGGAAGATTTTTAGGAGATGATCAGTTGTATAATGTGGTAGTTACGGCTCATGCTTTTGTTATAATTTTTTTTATGGTAATACCTATTCTTATTGGT
otu_lco_1336,Tetragnathidae,TACTTTGTATTTTGTTTTTGGGGCTTGGGCCTCTATAGTGGGGACTGCAATGAGAGTTTTAATTCGAATTGAATTGGGTCAACCTGGAAGATTTTTAGGGGATGATCAGCTTTATAATGTTATTGTTACAGCTCATGCTTTTGTTATAATTTTTTTTATAGTTATACCGATTTTAATTGGA
otu_lco_369,Tetragnathidae,GACTTTATATTTTATTTTTGGTGCTTGGGCTTCAATAGTTGGGACTGCAATAAGAGTTTTAATTCGTATTGAGTTGGGGCAACCTGGAAGTTTTATGGGTGATGATCAGCTTTATAATGTTGTAGTAACTGCTCATGCTTTTGTTATAATTTTTTTTATGGTAATACCAATTTTGATCGGT
otu_lco_1349,Tetragnathidae,AACTTTGTATTTTATTTTTGGGGCTTGAGCTTCTATAGTTGGTACAGCTATAAGAGTTTTGATTCGAATTGAACTGGGTCAACCTGGTAGTTTTTTAGGTAATGATCAGTTATATAATGTAATTGTTACAGCTCATGCTTTTATTATAATTTTTTTTATAGTAATACCTATTTTAATTGGT
otu_lco_1352,Tetragnathidae,TACTTTATATTTTATTTTTGGGGCTTGAGCTTCTATGGTTGGGACTGCTATAAGAGTTTTAATTCGAATTGAGTTAGGTCAGCCTGGAAGATTTTTAGGTGACGATCAGTTGTATAATGTTGTGGTTACTGCTCATGCTTTTGTTATGATTTTTTTTATAGTAATACCTATTTTAATTGGG
otu_lco_1372,Tetragnathidae,TACTTTGTATTTTATTTTTGGGGCTTGAGCTTCTATAGTAGGAACTGCTATAAGAGTTTTAATTCGTGTTGAATTAGGCCAACCTGGGAGATTTTTAGGGGATGATCAGCTGTATAATGTTATTGTTACAGCTCATGCTTTTGTTATAATTTTTTTTATAGTTATGCCGATTTTAATTGGT
otu_lco_1377,Tetragnathidae,AACTTTGTATTTTATTTTTGGGGCTTGGGCTTCTATAGTGGGTACTGCAATAAGAGTTTTGATTCGAATTGAATTGGGTCAACCTGGAAGATTTTTAGGGGATGATCAGCTTTATAATGTAATTGTTACAGCTCATGCTTTTGTTATAATTTTTTTTATAGTTATGCCTATTTTAATTGGT
otu_lco_1380,Tetragnathidae,TACTTTATATTTTATATTCGGGGCTTGAGCTTCTATAGTGGGTACGGCTATAAGAGTTTTGATTCGTATTGAGTTAGGTCAACCAGGAAGTTTTTTAGGGGATGATCAGTTGTATAATGTAATTGTTACCGCTCATGCTTTTATTATAATTTTTTTTATAGTTATGCCTATTTTGATTGGG
otu_lco_1405,Tetragnathidae,TACTTTGTATTTTATTTTTGGGGCTTGGGCTTCTATAGTGGGAACCGCAATAAGAGTTTTAATTCGAATTGAGCTTGGTCAACCTGGGAGATTTTTGGGGGATGATCAGCTTTATAATGTTATTGTGACAGCTCATGCTTTTGTTATAATTTTTTTTATAGTTATGCCTATTTTAATTGGC
otu_lco_1471,Tetragnathidae,AACTTTTTATTTTATTTTTGGGGCTTGGGCTTCTATAGTGGGTACTGCAATAAGAGTTTTAATTCGAATTGAATTGGGTCAACCTGGAAGATTCTTAGGGGATGATCAGCTTTATAATGTTATTGTTACAGCTCATGCTTTTGTTATAATTTGTTTTATAGTTATGCCTATTTTAATTGGG
otu_lco_150,Tetragnathidae,AACTTTATATTTTATTTTTGGGGCTTGGGCTTCTATGGTGGGGACTGCAATAAGAGTTTTAATTCGAATTGAATTAGGTCAACCTGGAAGATTTTTAGGGGATGATCAACTTTATAATGTTATTGTTACAGCTCATGCTTTTGTTATAATCTTTTTTATAGTTATACCAATTTTAATTGGT
otu_lco_30,Tetragnathidae,AACGTTATATTTTATTTTTGGGGCTTGGGCTTCTATAGTAGGTACTGCAATAAGAGTTTTGATTCGTGTTGAATTAGGTCAACCAGGGAGATTTTTAGGAGATGACCAGTTATATAATGTGGTAGTAACTGCTCATGCTTTTGTTATAATTTTTTTTATGGTTATACCTATTTTAATTGGG
otu_lco_161,Tetragnathidae,AACTTTGTATTTTATTTTTGGAGCTTGATCTTCTATAGTTGGAACGGCTATGAGAGTTTTAATTCGAATTGAGTTAGGTCAACCTGGGAGTTTTTTAGGTAATGATCATTTATATAATGTAATTGTAACTGCTCATGCTTTTGTAATAATTTTTTTTATAGTGATGCCTATTTTGATTGGA
otu_lco_300,Tetragnathidae,AACATTGTATTTAGTATTTGGGGCTTGAGAGGCTATAGTAGGGACAGCTATAAAAGTTTTGATTCGAACTGAATTAGGTCAAGTTGGAAGATTACTAGGAGACGATCAATTATATAATGTAATTGTTGCGGCTCACGCATTTGCTATAATTTTTTTTATAGTAATGCCAATTTTGATTGGA
otu_lco_55,Tetragnathidae,GACTTTGTATTTCATTTTTGGGGCTTGGGCTTCTATAGTAGGGACTGCAATAAGAGTTTTAATTCGAATTGAATTAGGTCAGCCTGGGAGATTTTTAGGGGATGATCAGCTTTACAATGTTATTGTTACAGCACATGCATTTGTTATGATTTTTTTTATGGTTATACCTATTTTAATTGGG
otu_lco_174,Tetragnathidae,TACTTTGTATTTTATTTTTGGAGCTTGGGCTTCTATAGTGGGAACTGCAATAAGAGTTTTAATTCGAATTGAGCTTGGGCAACCTGGGAGATTTTTAGGAGATGACCAGCTTTATAATGTTATTGTTACAGCTCATGCTTTTGTTATAATTTTTTTTATAGTTATACCTATTTTAATTGGT
otu_lco_179,Tetragnathidae,TACATTATATTTTATTTTTGGGGCTTGAGCTTCTATAGTTGGAACCGCAATAAGAGTGTTAATTCGTATTGAACTTGGGCAACCAGGAAGATTTTTAGGGGATGATCAACTTTATAATGTGGTGGTTACTGCTCATGCTTTTGTTATAATTTTTTTTATAGTAATACCTATTTTAATTGGG
otu_lco_21,Tetragnathidae,AACTTTATATTTTATGTTTGGGGCGTGGGCTTCTATAGTAGGAACGGCTATAAGAGTTTTAATTCGAGTTGAATTAGGGCAACCTGGAAGTTTCTTAGGTGATGATCAGCTTTATAATGTAATTGTTACTGCTCATGCTTTTATTATAATCTTTTTTATAGTAATACCTATTTTAATTGGG
otu_lco_224,Tetragnathidae,AACTTTATATTTTATTTTTGGGGCTTGAGCTTCTATAGTGGGGACAGCTATAAGAGTTTTGATTCGTATTGAATTAGGTCAACCTGGGAGATTTTTAGGTAATGATCATTTGTATAATGTGATTGTTACAGCTCATGCTTTTATTATAATTTTTTTTATAGTTATACCAATGTTGATTGGG
otu_lco_356,Tetragnathidae,GACTTTATATTTTATTTTTGGTGCTTGGGCTTCAATAGTTGGGACTGCAATGAGAGTTTTGATTCGTATTGAGCTGGGACAACCTGGAAGTTTTATGGGGGATGATCAGCTTTATAATGTTGTAGTGACTGCTCACGCTTTTGTTATAATTTTTTTTATAGTAATGCCAATTTTGATTGGT
otu_lco_264,Tetragnathidae,AACTTTGTATTTTATTTTTGGGGCTTGGGCTTCTATAGTGGGGACTGCAATAAGAGTTTTAATTCGAATTGAGTTAGGTCAACCTGGGAGATTTTTAGGAGATGATCAGCTTTATAATGTGATTGTTACAGCTCATGCTTTTGTTATAATTTTTTTTATAGTTATGCCTATTTTAATTGGG
otu_lco_267,Tetragnathidae,TACTTTGTATTTTATTTTTGGGGCTTGAGCTTCTATAGTGGGAACTGCGATAAGAGTTTTAATTCGGATTGAGTTGGGTCAACCTGGGAGATTTTTGGGAGATGATCAGCTTTATAATGTTATTGTTACAGCTCATGCTTTTGTTATAATTTTTTTTATAGTTATGCCTATTTTAATTGGC
otu_lco_269,Tetragnathidae,GAGATTATACTTTTTATTTGGTGTATGGGCTGCTATAGTGGGAACTGCGATAAGAGTATTAATTCGAATTGAGTTAGGTCAATCTGGTAGATTTTTAGGAGATGATCAGTTGTATAATGTTATTGTAACTGCTCATGCTTTTGTTATAATTTTTTTTATAGTAATACCTATTTTAATTGGG
otu_lco_271,Tetragnathidae,GAGATTGTACTTTATTTTTGGGGCTTGAGCTTCTATAGTTGGCACAGCAATGAGAGTTTTAATTCGTATTGAGTTAGGTCAGCCAGGAAGATTTTTAGGAGATGATCAGCTTTATAATGTAGTGGTGACCGCCCATGCTTTTGTTATAATTTTTTTTATAGTAATACCAATTTTGATTGGG
otu_lco_272,Tetragnathidae,TACTTTGTATTTTATTTTTGGTGCTTGAGCTTCTATAGTGGGTACGGCTATAAGAGTTTTAATTCGTATTGAGTTAGGTCAGCCTGGAAGTTTTTTAGGAAATGATCATTTATATAATGTAATTGTTACTTCCCATGCTTTTGTTATGATTTTTTTTATAGTTATACCTATTTTAATTGGA
otu_lco_29,Tetragnathidae,CACTTTGTATTTTATTTTTGGAGCTTGGGCTTCTATAGTGGGTACTGCAATAAGAGTCTTAATTCGAATTGAGTTAGGTCAACCTGGGAGATTTTTAGGGGATGATCAGTTGTATAATGTTATTGTTACAGCTCATGCTTTTGTTATAATTTTTTTTATAGTAATGCCTATTTTAATTGGG
otu_lco_3,Tetragnathidae,TACTTTGTATTTTATTTTTGGAGCTTGGGCTTCTATAGTAGGGACTGCAATAAGAGTTTTAATTCGAATTGAATTAGGCCAACCTGGGAGATTTTTAGGAGATGATCAACTTTATAATGTTATTGTTACAGCTCATGCTTTTGTTATAATTTTTTTTATAGTTATACCAATTTTAATTGGG
otu_lco_355,Tetragnathidae,GACTTTATATTTTATTTTTGGGGGGTGGGCTTCTATAGTTGGAACATCAATGAGAGTATTAATCCGAATTGAGCTAGGTCAACCGGGAAGATTCTTAGGAGACGATCAGTTATATAATGTGGTGGTTACTGCGCATGCTTTTGTAATAATTTTTTTTATAGTAATACCTATTTTGATTGGG
otu_lco_434,Tetragnathidae,AACTTTATATTTTATTTTTGGGGCATGGGCTGCTATGGTTGGTACTGCTATAAGAGTTTTAATTCGTATTGAGTTAGGACAACCAGGAAGTTTTTTAGGTGATGATCATTTATATAATGTAATTGTTACAGCACATGCTTTTGTTATAATTTTTTTTATAGTAATACCAATTTTAATTGGG
otu_lco_438,Tetragnathidae,AACTTTGTATTTTATTTTTGGGGCTTGGGCTTCTATAGTGGGTACTGCAATAAGAGTTTTAATTCGAATTGAATTGGGTCAACCTGGAAGATTCTTAGGGGATGATCAGCTTTATAATGTAATTGTTACAGCTCACGCTTTTGTTATAATTTTTTTTATAGTTATGCCTATTTTAATTGGG
otu_lco_52,Tetragnathidae,TACTTTATATTTTATTTTTGGGGCTTGAGCTTCTATAGTGGGAACTGCTATAAGAGTTTTAATTCGTGTTGAGTTAGGTCAACCTGGAAGATTTTTGGGTGATGATCAGCTTTATAATGTTATTGTTACAGCTCATGCTTTTGTTATAATTTTTTTTATAGTTATACCTATTTTAATTGGT
otu_lco_91,Tetragnathidae,TACTTTGTATTTTATTTTTGGGGCTTGGGCTTCTATAGTGGGAACTGCAATAAGAGTTTTAATTCGAATTGAGCTTGGTCAACCCGGGAGATTTCTGGGGGATGATCAGCTTTATAATGTTATTGTTACAGCTCATGCTTTTGTTATAATTTTTTTTATAGTTATACCTATTTTAATTGGT
otu_lco_580,Theridiidae,AACTTTGTATTTAGTATTTGGTGCTTGAGCAGCTATAGTAGGTACAGCAATAAGAGTATTAATTCGTGTTGAGTTAGGTCAGGTTGGAAGATTTATAGGAGATGATCAATTGTATAATGTAACTGTAACGGCTCATGCTTTTGTAATAATTTTTTTTATAGTAATACCTATTTTAATTGGA
otu_lco_101,Theridiidae,AACTTTATATTTATTATTTGGAGCTTGATCAGCTATAGTAGGGACAGCAATAAGAATTTTAATTCGTATAGAATTAAGACAACCTGGAAGATTTTTAGGTGATGATCAATTATATAATGTGGTGGTTACTGCTCATGCTTTTGTAATAATTTTTTTCATAGTAATACCTATTTTAATTGGT
otu_lco_103,Theridiidae,AGTTCTATATTTATTATTTGGGATTTGGTCAGCTATGGCTGGTACAGCAATAAGAGTATTAATTCGTATTGAGTTAGGGCAATCTGGGAGATTTTTAGGTGATGATCAGTTATATAATGTAGTAGTCACATCTCATGCTTTAGTAATAATTTTTTTTATAGTGATACCTGTATTAATTGGG
otu_lco_111,Theridiidae,GACATTATATTTATTATTTGGAGCTTGAGCAGCTATAGTAGGAACAGCAATAAGAGTATTGATTCGAATTGAATTAGGACAACCAGGAAGATTTATAGGAGATGATCAATTATATAATGTAATTGTTACAGCTCATGCATTTGTAATAATTTTTTTTATAGTAATACCTATTTTAATTGGT
otu_lco_1218,Theridiidae,AACTTTATATTTAATTTTTGGGGCTTGAGCTGCTATAGTAGGAACAGCAATAAGAGTATTAATTCGGGTTGAATTAGGGCAAACAGGTAGATTTATAGGTGATGATCAGTTATATAACGTAATTGTAACGGCTCATGCTTTTGTAATAATTTTTTTTATAGTTATACCTATTTTAATTGGT
otu_lco_1148,Theridiidae,AACATTATATTTATTATTTGGAGCTTGAGTAGCAATAGTTGGAACAGCAATAAGAGTATTAATTCGAGTAGAATTAGGACAACCAGGAAGATTTATAGGAGATGATCAATTATATAATGTAATTGTTACAGCTCATGCTTTTGTAATAATTTTTTTTATAGTAATACCTATTTTAATTGGT
otu_lco_225,Theridiidae,AACATTATATTTAATTTTTGGAATTTGGTCAGCTATAGTAGGGATAGCAATAAGAGTTTTGATTCGAGTTGAATTAGGACAACCTGGAAGGTTTTTAGGGGATGATCAATTATATAATGTAGTGGTAACTGCTCATGCTTTTGTTATAATTTTTTTTATGGTAATACCTATTATAATTGGA
otu_lco_1201,Theridiidae,AACTTTGTATTTAGTATTTGGTGCTTGAGCTGCTATAGTAGGAACTGCAATAAGAGTATTAATTCGAATTGAGTTAGATCAAACTGGAAGATTTATAGGTGATGATCAATTGTATAATGTAATTGTAACAGCCCATGCATTTGTGATAATTTTTTTTATAGTAATACCAATTTTAATTGGA
otu_lco_1214,Theridiidae,GACTTTATATTTATTGTTTGGAGCTTGAGCTGCTATAGCAGGTACGGCTATAAGAGTATTAATTCGTATAGAATTAGGAAATCCTGGAAGTTTTATAGGTGATGATCAATTATATAATGTTATTGTTACTGCTCATGCTTTTGTAATAATTTTTTTTATGGTAATACCAATTTTAATTGGA
otu_lco_122,Theridiidae,AACTTTGTATTTATTATTTGGTGGATGAGCTGCAATAGTAGGTACAGCTATAAGAGTTTTAATTCGAATTGAATTAGGTCAACCTGGAAGATTTATTGGGGATGATCAAATTTATAATGTAGTAGTTACTGCTCATGCTTTTGTTATAATTTTTTTTATAGTAATACCTATTTTAATTGGT
otu_lco_1220,Theridiidae,AACATTGTATTTAGTTTTTGGGGCTTGAGCTGCAATAGTTGGAACTGCTATAAGAGTATTAATTCGAGTGGAATTAGGTCAGCCTGGTAGATTTATGGGTGATGATCAATTATATAATGTAATTGTAACAGCTCATGCTTTTGTAATAATTTTTTTTATAGTAATACCTATTTTGATTGGA
otu_lco_1224,Theridiidae,AACTTTATATTTAATTTTTGGAGCTTGGTCTGCTATATTAGGAACGGCAATAAGAATTTTAATTCGAGTTGAGCTAGGACAGCCTGGTAGATTTTTAGGAGATGATCAATTATATAATGTTGTTGTGACTGCTCATGCTTTTGTAATAATTTTTTTTATAGTAATACCTATTATAATTGGT
otu_lco_1230,Theridiidae,AACTTTATATTTAATATTTGGTGCTTGGTCTGCAATAGTTGGAACAGCTATAAGAGTATTGATTCGAATTGAATTAGGACAAACTGGAAGATTTTTAGGTGATGATCAATTATATAATGTAATTGTAACGGCTCATGCTTTTGTAATAATTTTTTTTATAGTAATACCAATTTTAATTGGT
otu_lco_1233,Theridiidae,AACATTATATTTAATTTTTGGAGCTTGATCTGCTATAGTTGGAACAGCAATAAGAGTATTAATTCGAATTGAATTAGGTCAACCTGGAAGATTTATAGGTGATGATCAGTTATATAATGTAATTGTTACTGCACATGCTTTTGTAATAATTTTTTTTATAGTTATACCTATTTTAATTGGT
otu_lco_1239,Theridiidae,AACTTTATATTTATTATTTGGAGGATGAGCTGCAATAGTAGGTACAGCTATAAGAGTCTTAATTCGAATTGAATTAGGTCAACCTGGAAGATTTATTGGGGATGATCAAATTTATAATGTAGTAGTTACTGCTCATGCTTTTGTTATAATTTTTTTTATAGTAATACCTATTTTAATTGGT
otu_lco_1249,Theridiidae,AACTTTATATTTAGTATTTGGTGCTTGAGCAGCAATAGTAGGAACAGCAATAAGAGTATTAATTCGAATTGAGTTAGGACAAGTTGGAAGATTTATTGGAGATGATCAATTATATAATGTAATTGTAACGGCTCATGCTTTTGTAATAATTTTTTTTATAGTAATACCTATTTTAATTGGA
otu_lco_90,Theridiidae,AACTTTATATTTATTATTTGGAGGATGAGCTGCAATAGTAGGGACAGCTATAAGAGTTTTAATTCGAATTGAATTAGGTCAACCTGGTAGATTTATTGGAGATGATCAAATTTATAATGTAGTAGTAACTGCTCATGCTTTTGTAATAATTTTTTTTATAGTAATACCTATTTTGATTGGA
otu_lco_1255,Theridiidae,AACTTTATATTTAATTTTTGGGGCTTGAGCTGCTATAGTGGGAACAGCAATAAGAGTATTAATTCGAATTGAATTAGGGCAAACTGGTAGATTTATAGGAGATGATCAGTTATATAATGTAATTGTAACAGCTCATGCTTTTGTAATAATTTTTTTTATAGTTATACCTATTTTAATTGGA
otu_lco_1259,Theridiidae,AACTTTATATTTTATATTTGGAGCTTGATCTGCTATAGTAGGAACAGCTATAAGTGTATTGATTCGAGTAGAGTTAGGACAACCCGGTAGATTTTTAGGTGATGATCAACTATATAACATTATTGTAACAGCACATGCATTTGTAATAATTTTTTTTATAGTAATACCTATTTTAATTGGA
otu_lco_1265,Theridiidae,AAGATTATATTTAGTATTTGGAGTATGAGCTGCTATAGTAGGAACAGCAATAAGAGTATTAATTCGAATAGAATTAGGATTACCAGGAAAAATTATAGGTGATGATCAGATATATAATGTAATTGTAACTGCTCATGCTTTTGTAATAATTTTTTTTATAGTTATACCAATTTTAATTGGT
otu_lco_1267,Theridiidae,TACATTATATTTGATTTTTGGTGCTTGGGCCGGAATAGTTGGAACTGCAATAAGAATATTAATTCGAGTAGAATTAGGTCAGCCTGGAAGATTTTTAGGGGATGATCAACTATATAATGTTATTGTGACTGCTCACGCTTTTATTATAATTTTTTTTATAGTTATGCCAATTTTAATTGGT
otu_lco_1286,Theridiidae,AACTTTATATTTAATTTTTGGGGCATGGGCTGCAATGATAGGAACAGCTATAAGAGTATTAATTCGAATTGAATTAGGTCAACCTGGAAGATTTATAGGTGATGATCAATTATATAATGTAATTGTAACTGCTCATGCTTTTGTAATAATTTTTTTTATAGTAATACCAATTTTAATTGGT
otu_lco_76,Theridiidae,AACTTTATATTTAATTTTTGGGGCTTGGGCTGCTATAGTAGGAACAGCAATAAGAGTATTAATTCGAGTTGAATTAGGACAAACAGGTAGATTTATGGGAGATGATCAATTGTATAATGTAATTGTAACGGCTCATGCTTTTGTAATAATTTTTTTTATAGTTATACCTATTTTAATTGGT
otu_lco_1290,Theridiidae,TACTTTATATTTGATTTTTGGAGCTTGAGCCGCTATATTAGGAACAGCTATGAGAATTTTGATTCGTATTGAATTAGGACAGCCTGGGAGATTTTTAGGGGATGATCAATTATATAATGTTATTGTAACTGCTCATGCTTTTGTTATAATTTTTTTTATAGTAATACCAATTATGATTGGT
otu_lco_1293,Theridiidae,AACTTTATATTTAATTTTTGGGGCTTGGGCTGCTATAGTGGGAACAGCAATAAGAGTATTAATTCGAATTGAATTAGGACAAACTGGTAGATTTATAGGAGATGATCAGTTATATAATGTAATTGTAACAGCTCATGCTTTTATAATAATTTTTTTTATAGTTATACCTATTTTAATTGGA
otu_lco_1297,Theridiidae,AACTTTATATTTAGTATTTGGGGCTTGATCAGCTATAGTAGGTACTGCAATAAGAGTATTAATTCGAATTGAATTAGGACAAACGGGAAGATTATTAGGAGATGATCATTTATATAATGTGATTGTTACAGGTCATGCTTTTATTATAATTTTTTTTATAGTAATACCTATTTTAATTGGG
otu_lco_1298,Theridiidae,AACATTATATTTATTATTTGGAGCTTGATCAGCTATAGTAGGAACTGCAATAAGAGTAATAATCCGAATTGAATTAGGTCAGCCTGGAAGATTTTTTGGAGATGATCAACTATATAATGTTGTAGTAACTGCTCATGCTTTTGTAATAATTTTTTTTATAGTAATACCTATTTTAATCGGG
otu_lco_998,Theridiidae,TACTTTATATTTAATTTTTGGAGCTTGAGCTGCTATATTAGGAACAGCTATAAGAATTTTAATTCGTGTAGAATTAGGACAACCTGGGAGATTTTTAGGGGATGATCAATTATATAATGTTATTGTAACTGCTCATGCTTTTGTTATAATTTTTTTTATAGTAATGCCTATTATAATTGGA
otu_lco_1302,Theridiidae,AACTTTATATTTATTGTTTGGGGTTTGGTCAGCAATATTAGGAACTGCAATAAGAGTAATAATTCGAATTGAATTAGGTCAACCAGGGAGATTTTTTGGAAATGATCAGTTATATAATGTGGTAGTAACTTCTCATGCTTTTGTTATAATTTTTTTTATAGTTATACCAATTTTAATTGGA
otu_lco_1303,Theridiidae,AAGATTATATTTAATTTTTGGGGCTTGGGCTGCAATGGTTGGAACAGCTATAAGAGTATTGATTCGAATTGAATTGGGTCAGCCTGGTAGTTTTCTGATAAACGATCAATTATATAATGTAATTATTACAAGTCATGCTTTTGTAATAATTTTTTTTATGGTTATGCCAATTTTGATTGGA
otu_lco_1308,Theridiidae,AACTTTATATTTATTATTTGGAGCTTGAGCTGCTATAGTAGGTACAGCTATAAGAGTATTGATTCGAATAGAATTAGGAAATCCAGGAAGATTTATAGGTGATGATCAATTATATAATGTTATTGTTACTGCTCATGCTTTTGTAATAATTTTTTTTATAGTAATACCAATTTTAATTGGA
otu_lco_1315,Theridiidae,GACATTATATTTATTATTTGGTGCTTGAGCAGCAATAGTGGGTACAGCAATAAGAGTATTAATTCGAGTTGAATTAGGTCAACCAGGAAGTTTTATAGGGGATGATCAATTATATAATGTGATTGTAACAGCTCATGCTTTTGTAATAATTTTTTTTATAGTAATACCAATTTTAATTGGA
otu_lco_1318,Theridiidae,GACTTTATATTTAATTTTTGGGGCTTGAGCTGCTATAGTAGGAACAGCAATAAGAGTATTAATTCGGGTTGAATTAGGGCAAACGGGTAGATTTATAGGTGATGATCAATTATATAATGTAATTGTAACGGCTCATGCTTTTGTAATAATTTTTTTTATAGTTATACCTATTTTAATTGGT
otu_lco_1338,Theridiidae,AACATTATATTTAGTATTTGGTGCATGATCTGCTATAGTTGGTACGGCAATAAGAGTGTTAATTCGAATTGAATTAGGTCAACCAGGAAGATTTATGGGTGACGATCAATTATATAATGTAATTGTAACAGCACATGCTTTTGTAATAATTTTTTTTATAGTAATACCAATTTTAATTGGG
otu_lco_134,Theridiidae,GACATTATATTTAGTATTTGGAGCATGAGCTGCAATAGTAGGAACAGCAATAAGAGTATTAATTCGAATTGAATTAGGTCAATCAGGAAGATTTATAGGTGATGATCAATTATATAATGTAATTGTAACAGCTCATGCTTTTGTAATGATTTTTTTTATAGTGATACCAATTTTAATTGGT
otu_lco_1341,Theridiidae,TACGTTATATTTAGTATTTGGGGCATGGTCAGCTATAGTGGGGACTGCAATAAGAATTTTAATTCGTATGGAATTAGGGCAATCTGGTAGATTTTTGGGAGATGATCAATTGTATAATGTAATTGTTACAGCTCATGCTTTTATTATAATTTTTTTTATAGTGATACCAATTTTGATTGGA
otu_lco_1342,Theridiidae,AAGATTATATTTAGTATTTGGAGTATGAGCTGCTATAGTAGGAACAGCAATAAGAGTATTAATTCGAATAGAATTAGGATTACCTGGAAGAATTATGGGTGATGATCAAATATATAATGTAATTGTAACTGCTCATGCTTTTGTAATAATTTTTTTTATGGTTATACCAATTTTAATTGGT
otu_lco_1346,Theridiidae,AACTTTATATTTAATTTTTGGTGCTTGAGCTGCAATATTAGGAACAGCTATAAGTGTATTAATTCGTACTGAATTAGGACAAACTGGAAGTTTTTTAGGGGATGATCAACTATATAATGTAATTGTAACTGCACATGCTTTTGTTATAATTTTTTTTATGGTAATACCTATTTTGATTGGA
otu_lco_1357,Theridiidae,AACATTATATTTAGTATTTGGTGCTTGAGCTGCAATAGTAGGAACAGCAATAAGAGTATTGATTCGAGTGGAGTTAGGACAAACTGGGAGATTTATAGGTGATGATCAATTATATAATGTAATTGTTACGGCTCATGCTTTTGTAATAATTTTTTTTATAGTTATACCAATTATAATTGGA
otu_lco_1364,Theridiidae,GACTTTATATTTATTGTTTGGAGCTTGAGCTGCTATAGCAGGGACGGCTATAAGAGTATTAATTCGTATAGAATTAGGAAATCCTGGAAGTTTTATAGGTGATGATCAATTATATAATGTTATTGTTACTGCTCATGCTTTTGTAATAATTTTTTTTATAGTAATACCAATTTTAATTGGG
otu_lco_1367,Theridiidae,AACTTTATACTTAATATTTGGTGCTTGGTCTGCAATAGTTGGAACGGCTATAAGAGTATTGATTCGAATTGAATTAGGACAAATTGGTAGATTTTTAGGTGATGATCAATTGTATAATGTAATTGTAACGGCTCATGCTTTTGTAATAATTTTTTTTATAGTTATACCAATTTTAATTGGT
otu_lco_39,Theridiidae,AACATTATATTTATTATTTGGGGCTTGAGCAGCTATAGTAGGAACAGCAATAAGAGTATTAATTCGAGTTGAATTAGGTCAGCCTGGAAGATTTATAGGAGATGATCAATTGTATAATGTAATTGTTACAGCTCATGCTTTTGTAATAATTTTTTTTATAGTAATACCTATTTTAATTGGA
otu_lco_1370,Theridiidae,AACATTATATTTATTATTTGGTGCTTGAGCAGCAATAGTGGGGACAGCAATAAGAGTATTAATTCGAGTTGAATTAGGTCAACCAGGAAGTTTTATAGGAGATGATCAATTGTATAATGTAATTGTAACAGCTCATGCTTTTGTAATAATTTTTTTTATAGTAATACCTATTTTAATTGGT
otu_lco_1371,Theridiidae,AACTTTATACTTAGTATTTGGTTCTTGAGCTGCTATAGTAGGAACAGCAATAAGAGTATTAATTCGTATTGAATTAGGACAAGTGGGAAGATTTATGGGTGATGATCAATTATATAATGTTATTGTTACAGCTCATGCATTTGTAATAATTTTTTTTATAGTAATACCTATTTTAATTGGA
otu_lco_1388,Theridiidae,AACATTATATTTATTATTTGGTGCTTGAGCAGCTATAGTAGGAACAGCAATAAGAGTATTAATTCGAATTGAATTAGGACAACCAGGGAGTTTTATAGGAGATGATCAATTATATAATGTAATTGTTACAGCTCATGCTTTTGTAATAATTTTTTTTATAGTAATGCCTATTTTAATTGGT
otu_lco_139,Theridiidae,AACTTTATATTTATTATTTGGAGCTTGATCGGCTATAGTAGGAACTGCTATGAGAGTAATAATTCGAATTGAATTAGGACAACCTGGTAGATTTTTTGGTGATGATCAATTATATAATGTAATTGTTACTGCTCATGCTTTTGTAATGATTTTTTTTATAGTAATGCCAATTTTAATTGGA
otu_lco_1421,Theridiidae,TACGTTATACTTGTTATTTGGGGCGTGATCAGCCATAGTTGGTACTGCTATAAGAGTAATAATTCGAATTGAATTAGGTCAACCTGGGAGTTTTTTTGGTGATGATCAATTATATAATGTTATTGTCACTGCACATGCTTTTGTTATAATTTTTTTTATAGTGATACCAATTTTGATTGGT
otu_lco_144,Theridiidae,AGTTTTATATTTATTATTTGGAATTTGGTCAGCTATAGCTGGGACAGCAATAAGAGTATTAATTCGAATTGAGTTAGGTCAATCTGGAAGATTTTTGGGTGATGATCAATTATATAATGTAGTAGTTACATCTCATGCTTTAGTTATAATTTTTTTTATAGTGATACCTGTATTAATTGGA
otu_lco_1445,Theridiidae,GACTTTATATTTATTGTTTGGAGCTTGATCTGCTATAGTAGGTACAGGAATAAGAGTTATAATTCGAATTGAATTAGGGCAAACTGGTAGTTTTTTTGGAGATGATCAATTATATAATGTTTTAGTTACTGCTCATGCTTTTGTGATAATTTTTTTTATAGTAATGCCAATTTTAATTGGT
otu_lco_1488,Theridiidae,AACTTTATATTTGATTTTTGGAGCTTGGGCTGCAATAGTAGGTACAGCAATAAGAGTATTGATTCGAATTGAGTTGGGTCAAACAGGAAGATTTATAGGTTATGATCAACTATATAATGTAATTGTAACAGCTCATGCTTTTGTAATAATTTTCTTTATAGTGATACCAGTTTTAATTGGG
otu_lco_650,Theridiidae,AACTTTATATTTAATTTTTGGAGCTTGATCTGCTATATTAGGGACAGCTATAAGAATTTTAATTCGGGTTGAATTAGGACAACCGGGTAGATTTTTAGGGGATGATCAACTTTATAATGTTATTGTAACTGCTCATGCTTTTGTTATAATTTTTTTTATAGTAATACCTATTATAATTGGA
otu_lco_1542,Theridiidae,AACTTTATATTTAGTATTTGGTGCTTGAGCTGCTATAGTAGGAACAGCAATAAGAGTATTAATTCGAATCGAGTTAGGACAAGTGGGAAGATTTATGGGTGATGATCAATTATATAATGTAATTGTTACAGCACATGCTTTTGTAATAATTTTTTTTATGGTAATACCAATTTTAATTGGA
otu_lco_7,Theridiidae,AACTTTATATTTAATATTTGGTGCTTGGTCTGCAATAGTTGGAACAGCTATAAGAGTATTGATTCGAATTGAATTAGGACAAACTGGTAGATTTTTAGGTGATGATCAATTGTATAATGTAATTGTAACGGCTCATGCTTTTGTAATAATTTTTTTTATAGTAATACCTATTTTAATTGGT
otu_lco_166,Theridiidae,GACTTTATATTTAATTTTAGGAGCGTGAGCTGCTATGTTGGGTACAGCTATAAGAGTAATTATTCGAATAGAGTTAGGGCAAGTTGGGTCGTTGATGGGGGATGATCAGTTGTACAATGTGGTTGTTACGGCCCATGCTTTGGTTATAATTTTTTTTATAGTGATACCTGTATTGATTGGG
otu_lco_175,Theridiidae,AACTTTATATTTATTATTTGGAGCTTGATCAGCTATAGTAGGGACAGCAATAAGAATTTTAATTCGTATAGAATTAAGACAACCTGGGAGATTTTTAGGTGATGATCAGTTATATAATGTGGTGGTTACTGCTCATGCTTTTGTAATAATTTTTTTTATAGTAATACCTATTTTAATTGGA
otu_lco_5,Theridiidae,TACTTTGTATTTAGTATTTGGGGCTTGGGCTGCAATAGTGGGAACAGCAATAAGTGTATTAATTCGAATCGAATTAGGTCAGACTGGAAGATTTATGGGTGATGATCAATTATATAATGTAATTGTTACAGCTCATGCTTTTGTAATAATTTTTTTTATAGTAATACCAATTTTAATTGGT
otu_lco_183,Theridiidae,GACTTTATATTTGATTTTTGGAGCTTGAGCTGCTATAGTAGGAACAGCTATAAGAGTATTGATTCGAATTGAATTGGGTCAAACAGGAAGATTTATAGGTGATGATCAATTATATAATGTAATTGTAACTGCTCATGCTTTTGTAATAATTTTTTTTATAGTTATACCAATTTTAATTGGT
otu_lco_209,Theridiidae,AACTTTATATTTATTGTTTGGGGGATGAGCTGCAATAGTAGGAACAGCTATAAGAGTTTTAATTCGAATTGAGTTAGGTCAACCTGGAAGGTTTATTGGAGATGATCAATTGTATAATGTAGTGGTTACTGCTCATGCATTTGTGATGATTTTTTTTATAGTAATGCCTATTTTAATTGGA
otu_lco_66,Theridiidae,AACTTTATATTTAGTATTTGGTGCTTGAGCTGCGATAGTAGGAACGTCAATAAGAGTTTTAATTCGGGTAGAACTAGGTCAAACAGGTAGATTTATAGGTGATGATCAATTATATAATGTTATTGTTACGGCTCATGCATTTGTAATAATTTTTTTTATAGTAATACCAATTTTAATTGGT
otu_lco_220,Theridiidae,AACTTTGTATTTAGTATTTGGTGCTTGAGCTGCTATAGTAGGAACTGCAATAAGAGTATTAATTCGAATTGAGTTAGGTCAAACTGGAAGATTTATAGGTGATGATCAATTATATAATGTAATTGTAACAGCTCATGCATTTGTCATAATTTTTTTTATAGTAATACCTATTTTAATTGGA
otu_lco_221,Theridiidae,AACTTTATATTTGGTTTTTGGAGCTTGATCAGCAATAGTGGGTACAGCAATAAGAGTATTAATTCGAATTGAATTAGGACAAGTTGGAAGATTCATAGGAGATGATCAATTATATAATGTTATTGTTACAGCTCATGCTTTTGTTATAATTTTTTTTATAGTAATACCTATTTTGGTTGGA
otu_lco_232,Theridiidae,AACTTTATATTTAATTTTTGGGGCTTGATCAGCCATACTAGGAACAGCTATGAGAATTTTAATTCGTGTTGAGTTAGGACAACCTGGAAGATTTTTAGGTGATGATCAATTATATAATGTTATTGTAACTGCTCATGCTTTTGTTATAATTTTTTTTATAGTAATACCTATTATAATTGGG
otu_lco_236,Theridiidae,AACGTTATATTTGGTGTTTGGTGCTTGATCTGCAATAGTAGGAACAGCAATAAGAGTATTAATTCGAATTGAGTTAGGACAAGTGGGAAGATTTATAGGAGATGATCAACTATATAATGTGATTGTAACGGCTCATGCTTTTGTAATAATTTTTTTTATAGTTATACCAATTTTGATTGGG
otu_lco_354,Theridiidae,AACATTATATTTAGTATTTGGTGCTTGAGCAGCTATAGTAGGAACTTCAATAAGAGTATTAATTCGAGTAGAACTAGGTCAAACAGGTAGATTTTTAGGTGATGATCAATTATATAATGTAATTGTTACGGCTCATGCTTTTGTAATAATTTTTTTTATAGTCATGCCTATTTTAATTGGT
otu_lco_250,Theridiidae,AACTTTATATTTAGTTTTTGGAGCTTGAGCTGCTATAGTAGGAACAGCAATAAGAGTATTAATTCGTGTAGAGTTAGGACAACCTGGAAGATTTTTAGGTGATGATCAATTATATAATGTAATTGTAACAGCTCATGCATTTGTTATGATTTTTTTTATAGTTATGCCTATTTTAATTGGA
otu_lco_257,Theridiidae,AAGATTATATTTAATTTTTGGGGCTTGGGCTGCAATAGTTGGAACGGCAATAAGAGTATTAATTCGAATTGAATTAGGACAGTCTGGTAGTTTTTTAATAAATGATCAATTATATAATGTAATTGTTACTAGACATGCTTTTGTAATAATTTTTTTTATAGTTATACCAATTTTAATTGGT
otu_lco_261,Theridiidae,AACTTTATATTTATTGTTTGGTGTTTGGTCTGCTATAGTAGGTACTGCTATAAGAGTAATAATCCGAATTGAATTAGGACAACCTGGAAGTTTTTTTGGGGACGATCAATTATATAATGTTATTGTTACTGCTCATGCTTTTGTAATAATTTTTTTTATAGTAATACCAATTTTAATTGGG
otu_lco_276,Theridiidae,TACTTTATATTTAATTTTTGGAGCTTGAGCTGCTATATTAGGAACAGCTATAAGAATTTTAATTCGTGTTGAATTAGGACAACCTGGAAGATTTTTAGGAGATGATCAATTATATAATGTTATTGTAACTGCTCATGCTTTTGTTATAATTTTTTTTATAGTAATACCTATCATAATTGGA
otu_lco_28,Theridiidae,AAGATTATATTTAATTTTTGGGGCTTGGGCTGCAATAGTTGGAACGGCTATAAGAATGTTAATTCGAATTGAATTAGGACAGCCTGGTAGTTTTTTAATAAATGATCAATTGTATAATGTAATTGTTACTAGACATGCTTTTGTAATAATTTTTTTTATAGTTATACCAATTTTAATTGGT
otu_lco_296,Theridiidae,TACTTTATATTTAATTTTTGGGGCTTGAGCTGCTATAGTAGGAACAGCAATAAGAGTATTAATTCGAATTGAATTAGGACAAACGGGTAGATTTATAGGTGATGATCAATTATATAATGTAATTGTAACGGCTCATGCTTTTGTAATAATTTTTTTTATAGTAATACCTATTTTAATTGGA
otu_lco_301,Theridiidae,AACTTTATATTTGGTATTTGGTGCTTGAGCTGCTATGGTGGGGACATCAATAAGAGTATTAATTCGAGTAGAACTTGGTCAGACAGGAAGATTTATGGGTGATGATCAATTATATAATGTAATTGTTACAGCTCATGCATTTGTAATAATTTTTTTTATAGTAATACCTATTTTAATTGGA
otu_lco_340,Theridiidae,AACTTTGTATTTAGTGTTTGGTGCTTGATCTGCAATAGTAGGGACAGCAATAAGAGTATTAATTCGAATTGAGTTAGGACAAGTAGGAAGATTTATGGGTGATGATCAATTATATAATGTAATTGTTACAGCTCATGCATTTGTAATAATTTTTTTTATAGTTATACCAATTTTAATTGGA
otu_lco_37,Theridiidae,AACTTTGTATTTAGTATTTGGGGCTTGGGCTGCAATAGTGGGTACAGCAATAAGTGTATTAATTCGAATTGAATTAGGACAGACTGGAAGATTTATGGGTGATGATCAATTATACAATGTAATTGTTACAGCTCATGCTTTTGTAATAATTTTTTTTATAGTAATACCAATTTTAATTGGT
otu_lco_368,Theridiidae,AACTTTATATTTATTATTTGGAAGATGAGCTGCTATAGTGGGTACTGCTATAAGAGTATTAATTCGAATTGAATTAGGTCAACCTGGAAGGTTTATTGGAGATGATCAATTGTATAATGTAGTAGTTACTGCTCATGCTTTTATTATAATTTTTTTTATAGTAATACCTATTTTAATTGGA
otu_lco_38,Theridiidae,AACATTATATTTATTATTTGGAGCTTGAGCAGCAATAGTAGGAACAGCAATAAGAGTATTAATTCGAGTTGAATTAGGACAACCTGGAAGTTTTATAGGGGATGATCAATTATATAATGTAATTGTTACAGCTCATGCTTTTGTAATAATTTTTTTTATAGTAATACCAATTTTAATTGGA
otu_lco_393,Theridiidae,AACTTTATATTTGATTTTTGGAGCCTGAGCTGCTATATTAGGAACAGCTATGAGAATTTTAATTCGTACTGAATTAGGACAACCTGGTAGATTTTTAGGGGATGATCAATTATATAATGTTATTGTAACTGCTCATGCTTTTGTTATAATTTTTTTTATAGTAATACCAATTATGATTGGA
otu_lco_397,Theridiidae,AACTTTATATTTAGTATTTGGTGCTTGAGCTGCTATGGTTGGTACATCTATAAGAGTATTAATTCGGGTGGAATTGGGTCAAACAGGTAGATTTATAGGTGATGATCAATTGTATAATGTTATTGTTACTGCTCATGCATTTGTAATAATTTTTTTTATGGTAATACCAATTTTAATTGGA
otu_lco_41,Theridiidae,AACTTTATATTTAATTTTTGGGGCTTGAGCTGCTATAGTAGGGACAGCAATAAGAGTATTAATTCGAGTTGAATTAGGACAAACGGGTAGATTTATGGGTGATGATCAATTATATAATGTAATTGTAACAGCTCATGCTTTTGTAATAATTTTTTTTATAGTAATACCTATTTTAATTGGT
otu_lco_410,Theridiidae,AACATTATATTTGATTTTTGGTGCTTGATCTGCTATAGTTGGAACAGCAATAAGAGTATTAATTCGAGTTGAATTAGGTCAACCTGGGAGATTTATAGGTGATGATCAATTATATAATGTAATTGTTACTGCACATGCTTTTGTAATAATTTTTTTTATAGTTATACCCATTTTAATTGGT
otu_lco_444,Theridiidae,GAGATTGTATTTGATTTTGGGTGCTTGGGCTGCTATATTAGGTACAGCTATAAGAGTGTTGATTCGGGTGGAGTTAGGGCAAGTTGGTTCTTTAATGGGGGATGACCAATTATATAATGTGGTAGTGACTGCCCATGCTTTAGTGATAATTTTTTTTATAGTTATACCGGTTTTAATCGGC
otu_lco_473,Theridiidae,AACTTTATATTTAATTTTTGGGGCTTGAGCTGCTATAGTAGGAACAGCAATAAGAGTATTAATTCGAGTTGAATTAGGACAAACAGGAAGATTTATAGGTGATGATCAATTGTATAATGTAATTGTAACGGCTCATGCTTTTGTAATAATTTTTTTTATAGTTATACCTATTTTAATTGGT
otu_lco_494,Theridiidae,AACTTTATATTTATTATTTGGAAGATGAGCTGCCATAGTAGGAACAGCTATAAGAGTATTAATTCGAATTGAATTAGGTCAACCTGGGAGGTTTATTGGAGATGATCAATTGTATAATGTAGTAGTTACTGCTCATGCTTTTGTTATGATTTTTTTTATAGTTATACCAATTTTAATTGGA
otu_lco_539,Theridiidae,AACATTATATTTAATTTTTGGTGCTTGATCTGCTATAGTTGGAACAGCAATAAGAGTATTAATTCGAGTTGAATTAGGTCAACCTGGAAGATTTATAGGTGATGATCAATTATATAATGTAATTGTTACTGCACATGCTTTTGTAATAATTTTTTTTATAGTTATGCCTATTTTAATTGGT
otu_lco_56,Theridiidae,AACTTTATATTTAATCTTTGGGGCTTGATCCGCTATATTAGGAACAGCTATAAGAATATTAATTCGAGTTGAACTAGGACAACCTGGAAGATTTTTAGGTGATGATCAGTTGTATAATGTTATTGTAACTGCTCATGCTTTTGTTATAATTTTTTTTATAGTTATACCTATTATAATTGGA
otu_lco_628,Theridiidae,TTCTATGTATTTAGTTTTTGGTGCTTGATCAGCAATAGTAGGGACTGCTATAAGAGTTTTAATTCGAATTGAATTAGGGCAACCTGGAAGATTTTTAGGTGATGATCAATTATATAATGTTGTAGTAACTGCTCATGCATTTGTAATAATTTTTTTTATAGTAATACCTGTTTTAATTGGA
otu_lco_65,Theridiidae,AACTTTATATTTATTATTTGGAAGATGAGCTGCTATAGTAGGAACAGCTATAAGAGTATTAATTCGAATTGAATTAGGTCAACCTGGAAGGTTTATTGGAGATGATCAATTATATAATGTAGTAGTTACTGCTCATGCTTTTGTTATAATTTTTTTTATAGTTATACCTATTTTAATTGGA
otu_lco_755,Theridiidae,AACTTTATATTTAATTTTTGGGGCTTGAGCTGCTATAGTAGGAACAGCAATAAGAGTATTAATTCGGGTTGAATTAGGGCAAACAGGTAGATTTATAGGTGATGATCAGTTATATAATGTTATTGTTACTGCTCATGCTTTTGTAATAATTTTTTTTATAGTTATACCAATTTTAATTGGG
otu_lco_77,Theridiidae,AACATTATATTTATTATTTGGAGCTTGAGCAGCTATAGTAGGAACAGCAATAAGAGTATTAATTCGAGTTGAATTAGGACAACCGGGAAGATTTATAGGAGATGATCAATTATATAATGTAATTGTTACAGCTCATGCTTTTGTAATAATTTTTTTTATAGTAATACCTATTTTAATTGGG
otu_lco_796,Theridiidae,AACATTATATTTAATTTTTGGTGCTTGATCTGCTATAGTTGGAACAGCAATAAGAGTATTAATTCGAATTGAATTAGGTCAACCTGGGAGATTTATAGGTGATGATCAATTGTATAATGTAATTGTAACGGCTCATGCTTTTGTAATAATTTTTTTTATAGTTATACCTATTTTAATTGGT
otu_lco_1015,Theridiosomatidae,GACTTTATATTTAATTTTTGGTGCTTGAGCGGCAATAGTTGGGACGGGCATAAGTGTTTTAATTCGGAGAGAGTTAGGTCAACCTGGAAGGTTTATAGGAGATGATCAATTATATAATGTAATTGTTACTGGGCATGCTTTTGTTATAATTTTTTTTATAGTTATACCAATTCTTATTGGG
otu_lco_1088,Theridiosomatidae,TACATTATATTTGGTTTTTGGTGCGTGAGCGGCTATAGTTGGGACAGCAATAAGAGTATTAATTCGTACTGAGTTAGGACAAATGGGGAGTTTGATTGGGGATGATCAGTTATATAATGTAATTGTTACGGCCCATGCTTTTGTAATGATTTTTTTTATAGTAATACCGGTATTGATTGGG
otu_lco_118,Theridiosomatidae,AACTTTATATTTAATTTTTGGTGCATGGGCATCTATAGTAGGGACTGGTATGAGCGTATTAATTCGAAGAGAATTAGGACAAGCTGGGAGATTTATAGGGGATGATCAATTATATAATGTTATTGTAACAGGACATGCTTTTGTTATGATTTTTTTTATGGTTATGCCTATTTTGATTGGG
otu_lco_1305,Theridiosomatidae,TACATTATATTTGATTTTTGGGACTTGGGCTGGGATAGTTGGAACTGCAATAAGTGTATTAATTCGAATTGAATTGGGACAACCTGGGAGTTTTATAGGAGATGATCAAGTTTATAATGTGGTAGTAACGGCTCATGCTTTTGTAATAATTTTTTTTATAGTAATGCCTGTTTTAATTGGG
otu_lco_1330,Theridiosomatidae,GACTTTATATTTAATTTTTGGGGCTTGAGCGGCAATAGTGGGGACTGGTATGAGTGTGTTAATTCGAAGAGAGTTAGGTCAACCTGGAAGGTTTATAGGGGATGATCAACTATATAATGTAATTGTAACTGGGCATGCTTTTGTTATGATTTTTTTTATAGTTATACCTATTCTTATTGGA
otu_lco_1337,Theridiosomatidae,GACATTGTATTTAATTTTTGGGACTTGAGCAGGTATAGTGGGAACTGCTATGAGAGTTTTAATTCGAATTGAACTAGGACAGCTTGGGAGGTTTATAGGAGATGATCAGGTTTATAATGTTGTGGTTACGGCTCATGCTTTTGTTATAATTTTTTTTATAGTAATGCCTCTGTTAATTGGT
otu_lco_1403,Theridiosomatidae,GACTTTATATTTAATTTTTGGTGCTTGAGCGGCAATAGTTGGGACTGGTATGAGTGTGATAATTCGAAGAGAGTTAGGTGAACCTGGGAGGTTTATAGGGGATGATCAATTATATAATGTGATTGTAACTGGGCATGCTTTTGTTATAATTTTTTTTATAGTTATACCTATTCTTATTGGG
otu_lco_151,Theridiosomatidae,TACATTATATTTGGTTTTTGGTGCGTGAGCGGCTATAGTTGGGACAGCAATAAGAGTATTAATTCGTACTGAATTAGGACAAATGGGGAGTTTGATTGGGGATGATCATTTATATAACGTAATTGTTACGGCCCATGCTTTTGTAATGATTTTTTTTATAGTAATACCGGTATTGATTGGG
otu_lco_34,Theridiosomatidae,GACTTTATATTTAATTTTTGGTGCTTGAGCGGCAATAGTTGGGACTGGTATAAGTGTGTTAATTCGAAGAGAGTTAGGGCAACCTGGAAGGTTTATAGGGGATGATCAGTTATATAATGTAATTGTAACTGGGCATGCTTTTGTTATGATTTTTTTTATAGTTATGCCTATTCTTATTGGG
otu_lco_204,Theridiosomatidae,GAGTTTATATTTATTGTTTGGAATTTGATCTGCTATATTAGGTACTGCAATAAGAGTAATTATTCGAATTGAATTAGGGCAACCGGGTAGATTTTTAGGTGATGATCAATTATATAATGTAATTGTTACTGCTCATGCTTTTATTATAATTTTTTTTATAGTTATACCTATTTTAATTGGA
otu_lco_25,Theridiosomatidae,AAGATTATATTTATTATTTGGAGTTTGAGCTGGCATAGTAGGGACTGCTATAAGAGTATTAATTCGGATTGAATTAGGGCAGTCTGGAAGATTTTTAGGTGATGATCAGTTATATAATGTAGTGGTTACAGCTCATGCATTTATTATAATTTTTTTTATAGTAATACCTATTTTAATTGGG
otu_lco_33,Theridiosomatidae,GACATTATATTTTATTTTTGGAACTTGAGCTGGGATAGTTGGGACGGCAATAAGTGTTTTAATTCGAATTGAATTAGGACAACCAGGGAGATTTATAGGAGATGATCAAGTTTATAATGTAGTGGTTACGGCTCATGCTTTTGTTATAATTTTTTTTATAGTTATACCTATTTTGATTGGG
otu_lco_374,Theridiosomatidae,CACATTATATTTGATTTTTGGGACTTGGGCTGGGATAGTTGGAACTGCAATAAGTGTATTAATTCGAATTGAATTGGGACAACCTGGGAGCTTTATAGGAGATGATCAGGTTTATAATGTGGTAGTAACGGCTCATGCTTTTGTAATAATTTTTTTTATAGTAATGCCTGTTTTAATTGGG
otu_lco_128,Thomisidae,GACTTTGTATTTAATATTTGGAATTTGGTCAGCTATAGTAGGTACAGCTATAAGAGTTTTAATTCGAATAGAATTAGGAAATTTAGGAAGACTTTTAGGAGATGATCATTTATATAATGTTGTAGTTACTGCACATGCTTTTGTAATAATTTTTTTTATAGTGATGCCTATTTTAATTGGG
otu_lco_11,Thomisidae,GACTTTATATTTAATATTTGGAATTTGATCAGCTATAGTAGGTACAGCTATAAGAGTTTTAATTCGAATAGAATTAGGAAATTTAGGAAGATTTTTAGGAGATGATCATTTATATAATGTTGTAGTTACTGCACATGCTTTTGTGATAATTTTTTTTATAGTAATGCCTATTTTGATTGGA
otu_lco_1209,Thomisidae,AACTTTATATTTGTTATTTGGGGTATGGGCTGCTATAATAGGGACTGCTATAAGAGTTTTAATTCGAATAGAGTTAGGTAATCCTGGTGCTTTATTAGGAGATGATCATCTATATAATGTTGTAGTTACAGCTCATGCTTTTGTTATGATTTTTTTTATAGTTATACCAATTATAATTGGT
otu_lco_1212,Thomisidae,GACTTTATATTTATTATTTGGAGCTTGATCTGCTATAGTAGGAACTGCTATAAGAGTGTTGATTCGTATAGAATTAGGGAGATCAGGAAGATTATTAGGAAATGATCATCTTTATAATGTGATTGTTACTGCTCATGCATTTGTTATAATTTTTTTTATAGTTATACCCATTTTAATTGGT
otu_lco_1216,Thomisidae,TACTTTATATTTATTATTTGGAGCTTGATCAGCTATAGTTGGTACTAGAATAAGAGTGTTAATTCGAATAGAATTAGGTAATTCTGGAAGATTATTAGGAAATGATCATTTGTATAATGTAGTTGTTACTGCTCATGCTTTTGTAATAATTTTTTTTATAGTAATACCTATTTTAATTGGT
otu_lco_1231,Thomisidae,GACATTATATTTATTATTTGGAGCTTGATCTGCTATAGCAGGGACTGCAATAAGAGTATTAATTCGTTTAGAATTAGGAAGATCTGGGAGATTATTAGGAAATGATCATCTTTATAATGTAGTGGTAACTGCACATGCTTTTGTAATAATTTTTTTTATAGTAATGCCAATTTTAATTGGA
otu_lco_1262,Thomisidae,AACTTTATATTTATTATTTGGAGCTTGATCGGCTATGGTAGGAACTGCTATGAGAGTTTTGATTCGAATGGAATTAGGAAATTCTGGAAGATTATTAGGAAATGATCATTTGTATAATGTAATTGTTACAGCTCATGCATTTGTTATAATTTTTTTTATAGTAATGCCTATTTTAATTGGA
otu_lco_127,Thomisidae,TACTTTATATTTATTATTTGGAGCATGATCTGCTATAGTAGGAACTGCTATAAGAGTATTAATTCGTATAGAGTTAGGAAATTCAGGAAGATTATTAGGAAATGATCATTTATATAATGTTGTTGTAACTGCACATGCTTTTGTGATAATTTTTTTTATAGTAATACCAATTTTAATTGGA
otu_lco_1283,Thomisidae,AACTTTATATTTATTGTTTGGAGCTTGATCAGCTATAGTAGGAACTGCAATAAGAGTATTGATTCGTATAGAGTTAGGGAGATCTGGAAGATTATTAGGTAATGATCATCTTTATAATGTTATTGTAACTGCACATGCTTTTGTAATAATTTTTTTTATAGTAATACCAATTTTAATTGGT
otu_lco_1284,Thomisidae,AACTCTATATTTGTTATTTGGAGCTTGATCTGCTATAGTTGGAACTGCTATAAGTGTTCTTATTCGTATAGAATTAGGGAATTCGGGGAGATTATTAGGGAATGATCATTTATATAATGTGATTGTTACTGCTCATGCTTTTGTTATAATTTTTTTTATAGTTATACCAATTTTAATTGGG
otu_lco_1310,Thomisidae,GACTTTATATTTAATATTTGGAGTTTGATCAGCTATAGTGGGTACAGCTATAAGAGTTTTAATTCGGATAGAATTAGGAAATTTAGGAAGACTTTTAGGAGATGATCATTTATATAATGTTGTGGTTACTGCGCATGCTTTTGTTATAATTTTTTTTATAGTAATACCTATTTTGATTGGA
otu_lco_1354,Thomisidae,AACTTTGTATTTATTGTTTGGAGCTTGATCAGCTATGGTAGGAACTGCTATGAGAGTTTTGATTCGAATGGAATTAGGAAATTCTGGAAGATTATTAGGAAATGATCATTTATATAATGTAATTGTTACAGCTCATGCATTTGTTATAATTTTTTTTATAGTAATACCTATTTTAATTGGA
otu_lco_136,Thomisidae,GACTTTATATTTATTATTTGGAACTTGAGCTGCTATAGTTGGCACTTCTATAAGAGTTTTGATTCGGTTAGAATTAGGAAATTCTGGGAGTTTTTTAGGAGATGATCATTTATATAATGTGGTGGTTACTGCTCACGCTTTTGTTATAATTTTTTTTATAGTGATGCCTATTTTAATTGGG
otu_lco_1379,Thomisidae,AACTTTATATTTATTATTTGGGGTGTGAGCTGCTATAATAGGGACCGCTATAAGAGTTTTAATTCGAATAGAGTTAGGTAATCCTGGTGCTTTATTAGGGGATGATCATTTATATAATGTTGTAGTTACAGCTCATGCTTTTGTTATGATTTTTTTCATAGTTATACCAATTATAATTGGT
otu_lco_153,Thomisidae,AACTTTGTATTTATTGTTTGGTGTTTGATCTGCTATAGTGGGGACGTCTATAAGAATGCTGATTCGGTTAGAACTAGGTAGTTCTGGGAGACTTTTTGGGGATGATCATTTATATAATGTAATTGTAACTGCTCATGCTTTTGTTATAATTTTTTTTATAGTTATACCAATTTTAATTGGA
otu_lco_172,Thomisidae,GACTTTATATTTAATATTTGGAATTTGATCAGCTATAGTAGGAACAGCTATAAGAGTTTTAATTCGAATAGAATTAGGAAATTTAGGGAGACTTTTAGGGGATGACCATTTATATAATGTTGTAGTTACTGCACATGCTTTTGTAATAATTTTTTTTATAGTAATACCTATTTTAATTGGG
otu_lco_203,Thomisidae,AACTTTATATTTATTGTTTGGTGCTTGATCTGCTATAGCAGGTACTGCAATAAGAGTATTGATTCGTATGGAATTAGGTAGATCTGGTAGATTGTTAGGAAATGATCATCTTTATAATGTAGTAGTTACTGCACATGCTTTTGTAATAATTTTTTTTATAGTTATACCAATTCTAATTGGA
otu_lco_285,Thomisidae,GACTTTATATTTATTATTTGGAGCTTGATCCGCTATAGTAGGGACTGCTATAAGAGTGTTGATTCGTATAGAGTTAGGGAGATCAGGAAGATTATTAGGAAATGATCATCTTTATAATGTGATTGTTACTGCTCATGCATTTGTTATAATTTTTTTTATAGTTATACCTATTTTAATTGGT
otu_lco_321,Thomisidae,AACTTTATATTTATTATTTGGGACCTGAGCTGCTATAGTTGGGACTTCTATAAGAGTTTTGATTCGTTTAGAGTTAGGAAATTCAGGAAGTCTTTTAGGAGATGATCATTTGTATAATGTGGTGGTTACTGCTCATGCTTTTGTAATAATTTTTTTTATAGTGATACCTATTTTAATTGGG
otu_lco_322,Thomisidae,AACTTTATATTTATTATTTGGAGCTTGATCAGCTATAGTAGGTACTGCAATAAGAGTATTGATTCGAATAGAGTTAGGAAGTTCTGGAAGATTGTTAGGAAATGATCATCTTTATAATGTTATTGTTACTGCTCATGCTTTTGTTATAATTTTTTTTATAGTTATACCAATTTTAATTGGT
otu_lco_324,Thomisidae,AACTTTATATTTATTGTTTGGGGCTTGATCGGCTATGGTAGGTACTGCTATGAGAGTTTTAATTCGGATAGAATTAGGAAATTCTGGGAGATTGTTAGGAAATGATCATTTATATAATGTGATTGTTACTGCTCATGCATTTGTTATAATTTTTTTTATAGTAATACCTATTTTAATTGGA
otu_lco_388,Thomisidae,AACTTTATATTTATTGTTTGGTGTGTGGGCTGCTATAATAGGAACTGCTATGAGAGTTTTAATTCGTATGGAGTTAGGTAATCCTGGTGCTTTGTTAGGAGATGATCATTTATATAATGTCGTGGTTACGGCTCATGCTTTTGTTATGATTTTTTTTATAGTTATACCAATTATAATTGGT
otu_lco_389,Thomisidae,AAGATTGTATTTATTATTTGGAGCTTGATCTGCGATAGTGGGGACTGCTATAAGAGTATTGATTCGGATGGAGTTAGGAAATTCAGGGAGATTATTAGGTGATGACCATTTATATAATGTGGTTGTTACAGCTCATGCTTTTGTTATAATTTTTTTTATAGTTATACCGATTTTGATTGGG
otu_lco_400,Thomisidae,GACTTTATATTTACTGCTTGGAGCGTGGCCAGCTATAGTGGGAACTGCTATAAGAGTTTTAATTCGAATAGAATTGGGAAATTTAGGGAGATTTCTTGGTAATGACCATTTATATAATGTTGTTGTAATTGCTCATTCTTTTGTAATAATTTTTTTTATAGTTATATCAATTTTGATTGGA
otu_lco_511,Thomisidae,AACTTTATATTTAATATTCGGGGTATGATCTGCTATAATAGGTACAGCTATAAGAGTTTTAATTCGTTTAGAATTAGGTAATTCTGGAAGTTTATTAGGAGATGATCATTTATATAATGTTATAGTTACTGCTCATGCTTTTGTGATAATTTTTTTTATAGTAATACCAATTCTTATTGGA
otu_lco_64,Thomisidae,AACATTATATTTATTATTTGGGGCTTGGTCTGCTATAGCGGGTACCGCAATAAGAGTATTGATTCGTTTAGAATTAGGAAGATCTGGAAGATTACTAGGAAATGATCATCTTTATAATGTAGTAGTGACTGCTCATGCGTTTGTAATAATTTTTTTTATAGTAATACCAATTTTAATTGGA
otu_lco_880,Uloboridae,AACTCTATATTTATTGTTTGGTGTTTGATCTGCTATAGTAGGTACTGCTATAAGAGTTTTGATTCGAATAGAATTAGGAATTGTTGGGGGATTTTTAGGAGATGATCATCTTTATAATGTAATTGTAACTGCACATGCCTTTGTTATGATTTTTTTTATAGTAATACCTATTTTGATTGGT
otu_lco_482,Uloboridae,TACTTTATATTTATTATTTGGAGCTTGGTCAGCTATAGTTGGGACTGCAATAAGAGTTTTAATTCGGACAGAATTAGGATTTTCTGAAGGTTTTATAAGAGATGATCATTTATATAATGTAATTGTAACTGCTCATGCTTTTGTGATAATTTTTTTTATAGTTATACCTATTTTAATTGGT
otu_lco_1205,Uloboridae,AACTTTATATTTATTGTTTGGAGCTTGATCTGGTATATTAGGAATAGCTATAAGAATATTAATTCGTACTGAGTTAGGAGTTCCTGGAAGATTGTTAGGAGATGATCATTTATATAATGTAATGGTGACAGCTCATGCTTTTGTTATGATTTTTTTTATAGTTATACCAATTTTAATTGGT
otu_lco_1241,Uloboridae,TACTTTGTATTTATTGTTTGGAGCTTGATCTGGGATATTAGGAATGGCTATAAGAATATTGATTCGTACTGAGTTAGGAGTTCCTGGAAGATTATTAGGAGATGATCATTTATATAATGTAATAGTAACAGCTCATGCTTTTGTTATAATTTTTTTTATAGTAATACCTATTTTAATTGGC
otu_lco_85,Uloboridae,GACTTTATATTTATTGTTTGGAGCTTGATCTGCTATAGTTGGAACTGCTATAAGAATATTAATTCGAGTTGAATTAGGATTTTCTGGAAGTTTTTTTGGCGATGATCATTTATATAATGTTATTGTTACTGGCCATGCTTTTATTATAATTTTTTTTATAGTAATGCCTATTTTAATTGGA
otu_lco_1296,Uloboridae,AACTTTATATTTATTATTTGGTGTTTGATCTGCTATAGTAGGAACTGCTATAAGAGTTTTAATTCGAATAGAATTAGGAATTGTGGGTGGATTTTTAGGAGATGATCATTTATATAATGTAATTGTAACTGCTCATGCTTTTGTTATAATTTTTTTTATAGTTATACCTATTTTAATCGGT
otu_lco_1307,Uloboridae,TACTTTGTATTTATTATTTGGAGCTTGGTCAGCTATAGTTGGGACTGCAATAAGAGTTTTAATTCGGACAGAATTAGGATTTTCTGGAGGTTTTATAAGAGATGATCATTTATATAATGTAATTGTAACTGCTCATGCTTTTGTAATAATTTTTTTTATAGTTATACCTATTTTAATTGGT
otu_lco_81,Uloboridae,AACTTTATATTTATTATTTGGGGCTTGATCAGCTATGGTTGGGATAGCTATAAGGATATTGATTCGGATTGAGTTAGGTTTTTCAGGTGGGTTTATGGGTGATGATCATTTATATAATGTGATTGTAACTGCTCATGCTTTTATTATAATTTTTTTTATGGTTATACCTATTTTGATTGGG
otu_lco_281,Uloboridae,GACTTTATATTTATTATTTGGTGTTTGATCGGCTATAGTGGGTACTGCTATAAGAGTTTTGATTCGTATAGAATTAGGGATTGTTGGTGGATTTTTAGGAGATGATCATCTTTATAATGTTATTGTAACTGCTCATGCTTTTGTTATGATTTTTTTTATAGTTATACCTATTTTAATTGGA
otu_lco_315,Uloboridae,AACTTTATATTTATTGTTTGGTGTTTGATCTGCTATAGTAGGGACTGCTATAAGAGTTTTAATTCGTATAGAATTAGGAATTGTTGGAGGATTTTTAGGTGATGATCATCTTTATAATGTTATTGTGACTGCTCATGCTTTTGTTATAATTTTTTTTATAGTTATGCCTATTTTAATTGGT
otu_lco_336,Uloboridae,AACTTTATATTTATTGTTTGGTGTTTGATCTGCTATAGTAGGGACTGCTATAAGAGTTTTAATTCGTATAGAATTAGGAATTGTTGGAGGATTTTTAGGAGATGATCATCTTTATAATGTTATTGTGACTGCTCATGCTTTTGTTATAATTTTTTTTATAGTTATACCTATTTTAATTGGA
otu_lco_483,Uloboridae,AACTTTATATTTATTATTTGGAGCTTGATCAGCTATAGTAGTTGGGACTGGTTGAGTTTTAATTCGAACAGAATTAGGATTTTCTGGAGGTTTTATAAGAGATGATCATTTATATAATGTAATTGTTACTGCTCATGATTTGGTAATATTTTTTTTTATAGCAATACCTATTTTAATTGGT
otu_lco_53,Uloboridae,TACTTTATATTTATTGTTTGGGGCTTGATCTGCAATAGTTGGGACTGCTATAAGAATATTAATTCGAGTTGAACTAGGATTTTCTGGAAGTTTTTTTGGTGATGATCATTTATACAATGTTATTGTTACTGGACATGCTTTTATTATAATTTTTTTTATGGTAATACCAATTTTAATTGGA
otu_lco_630,Uloboridae,AACTTTATATTTATTGTTTGGAGCTTGATCTGGTATATTAGGAATAGCTATGAGAATATTAATCCGTACTGAGTTAGGAGTCCCTGGAAGATTATTAGGAGATGACCATTTATATAATGTAATGGTGACAGCTCATGCTTTTGTTATGATTTTTTTTATAGTTATACCTATTTTGATTGGT
otu_lco_672,Uloboridae,AACTTTATATTTATTATTTGGTGTTTGATCTGCTATAGTGGGAACTGCTATAAGAGTTTTAATTCGTATAGAATTAGGAATTGTTGGAGGATTTTTAGGAGATGATCATCTTTATAATGTTATTGTGACTGCTCATGCTTTTGTTATAATTTTTTTTATAGTCATACCTATTTTAATCGGA
otu_lco_1227,Zodariidae,AACTTTGTATTTAATATTTGGTGGGTGATCTGCTATAGTTGGAACTGCTATAAGAGTGTTAATTCGAGTTGAATTGATACAATGTGGAAGATTTATTGGTGATGATCATTTATATAATGTAGTTGTTACTGCTCATGCTTTTATTATAATTTTTTTTATAGTTATACCAATTTTAATTGGT
otu_lco_1295,Zodariidae,TACTTTATATTTGATTTTTGGAGGGTGATCTGCTATGGTTGGAACTGCTATAAGAGTTATAATTCGTGTTGAGTTAAGACAATGTGGGAGATTTATTGGTGATGATCATTTATATAATGTGGTTGTTACTGCTCATGCTTTTGTTATAATTTTTTTTATAGTTATGCCAATTTTGATTGGT
otu_lco_1374,Zodariidae,AACTTTATATTTATTGTTTGGTATATGAGCTGGAATAGTAGGAACAGCAATAAGAGTGTTAATTCGAGTTGAGTTAGGTCAACCTGGTAGATTTTTAGGGGATGATCAATTATATAATGTAGTAGTAACTGCACATGCTTTTATTATAATTTTTTTTATAGTAATACCAATTTTAATTGGT
otu_lco_182,Zodariidae,TACTTTGTATTTGATTTTTGGTGTTTGATCTGCTATAATAGGTACTGGCATAAGAGTTTTAATTCGGAGAGAATTAGGTCAAGTGGGTAGATTAATAGGGGATGATCATTTATATAATGTAGTTGTAACTGCTCATGCTTTTATTATAATTTTTTTTATAGTTATACCTATTATGATTGGT
otu_lco_187,Zodariidae,TACTTTGTATTTGATTTTTGGAGGATGATCTGCTATAGTTGGGACTGCTATAAGAGTTATAATTCGTGTTGAGTTAAGACAGTGTGGTAGATTTATTGGGGATGATCATCTATATAATGTAATTGTTACTGCTCATGCTTTTATTATGATTTTTTTTATAGTTATACCGATTTTGATTGGT
otu_lco_207,Zodariidae,GACATTGTATTTAATGTTTGGTGGATGATCTGCTATAGTTGGAACTGCTATAAGAGTAATGATTCGAGTTGAATTAAGACAATGTGGAAGATTTATAGGTGATGATCATTTATATAATGTAATTGTTACTGCCCATGCTTTTATTATAATTTTTTTTATAGTTATACCAATTTTGATTGGT
otu_lco_219,Zodariidae,AACTTTATACTTAATGTTTGGTGGTTGATCTGCTATAGTAGGAACAGCAATGAGTGTTTTAATTCGTGTTGAATTAAGACAGTGTGGAAGATTTATAGGTGATGATCATTTATATAATGTAATTGTGACAGCTCATGCATTTATTATAATTTTTTTTATAGTTATACCAATTTTAATTGGT
otu_lco_424,Zodariidae,AACTTTGTATTTAATTTTTGGAGGGTGGGCTGCCATGGTTGGAACTGCTATGAGAGTTATAATTCGTATTGAGTTGAGACAGTGTGGAAGATTTATTGGTGATGATCATTTATATAATGTGATTGTAACTGCTCATGCTTTTATTATAATTTTTTTTATAGTTATACCAATTTTAATTGGT
otu_lco_449,Zodariidae,AACATTATATTTAATGTTTGGTGGGTGATCTGCTATAGTTGGAACTGCTATGAGAGTCTTAATTCGAGTTGAATTAAGACAATGTGGAAGATTTATTGATGATGATCATTTATATAATATAATTGTTACTGCTCATGCTTTTATTATGATTTTTTTTATAGTGATACCAATTTTGATTGGT
otu_lco_518,Zodariidae,TACTTTGTATTTATTGTTTGGAGTTTGAGCTTCTATGGTTGGAATAGGGATAAGAATACTAATTCGAGTTGAGTTGGGTCAGCCAGGAAGATTACTTGGTGATGATCATTTATATAATGTTGTTGTGACGGCACATGCTTTTATTATAATTTTTTTCATAGTGATACCAATTTTGATTGGT
otu_lco_524,Zodariidae,CACTTTATATTTAATTTTTGGTGTGTGATCTGCTATATTAGGAACTGGTATAAGAGTTTTAATTCGAAGAGAATTAGGTCAAGTGGGAAGATTAATAGGGGATGATCATTTATATAATGTTATTGTAACTGCACATGCGTTTGTTATAATCTTTTTTATGGTAATACCAATTATAATTGGT
otu_lco_683,Zodariidae,TACTTTATATTTGATTTTTGGAGGATGATCTGCTATAATTGGAACTGCTATAAGAGTTATAATTCGTGTTGAATTAAGACAATGTGGGAGATTTATTGGTGATGATCATTTATATAATGTAATTGTTACTGCTCATGCTTTTATTATAATTTTTTTTATAGTTATACCTATTTTGATTGGT
otu_lco_771,Zodariidae,GACTTTGTATTTGATGTTTGGTGGGTGGTCTGCCATGGTTGGAACTGCTATAAGAGTATTAATTCGTGCTGAATTAATACAATGTGGGAGATTTATTGGTGATGATCATTTATATAATGTGGTTGTGACTGCTCATGCTTTTGTTATAATTTTTTTTATGGTAATACCAATTTTAATTGGT
otu_lco_812,Zodariidae,TACTTTGTATTTGATTTTTGGAGGGTGATCTGCTATAGTTGGAACTGCTATAAGAGTTATAATTCGTGTTGAGTTAAGACAGTGTGGAAGATTTATTGGTGATGATCATTTATATAATGTGATTGTTACTGCTCATGCTTTTATTATAATTTTTTTTGTAGTTATGCCGATTTTGATTGGT